Workbook

Sheet 使い方
B2: シェア率回収_ALL(各エリアのシェア率を月ごとに集めて、エリア別・販路別・店舗別のシェア率と、月次推移のグラフを出すブック)
B4: 【しくみ】各エリアのマスタ(シート「店舗別シェア率」のB6:U65)を、「各エリア_マスタURL貼付」の行ごとに「データ_全エリア」へ集める。そのとき、URL貼付シートの「月」を、データ_全エリアのB列に付ける。→「集計_エリア別」(C3)「集計_販路」(B3)「集計_販路エリア」(C3)「集計_各エリア店舗別シェア率」(B4)は、それぞれ()内のセルの「対象月」で選んだ月を集計する。→「集計_店舗別月次推移」は、エリアと店舗を選ぶと、月ごとのシェアの推移を表とグラフで表示する(店舗名を空欄にすると、選んだエリア(ALLなら全国)の合計になる)。
B5: 【触るのは「各エリア_マスタURL貼付」だけ】黄色のセルに、エリア・月(各月1日の日付)・ブックのURL・シート名を入れる。
B6: 【新しい月を追加する手順】①「各エリア_マスタURL貼付」の一番下に、8エリア分の行を足す(エリア名・月・URL・シート名)。②初回のみ、空きセルで =IMPORTRANGE("URL","シート名!B2")を入れて「アクセスを許可」を押す(エリアのブックごとに1回)。③各集計シートの「対象月」を、新しい月に切り替える。
B7: 【エリアごとのシェア率の出し方】店舗のシェア率の平均ではなく、分母(総販・新規/MNP)で重み付けして計算している。
B8: エリアのシェア率 = Σ(店舗のシェア率 × 店舗の分母) ÷ Σ(店舗の分母)。「データ_全エリア」のV〜AG列は、この「シェア率 × 分母」の補助列。
B9: 【取り込み元のルール】各エリアのマスタの「店舗別シェア率」で、B〜U列の並びを変えないこと(列の挿入・削除は禁止)。月はマスタには入れず、URL貼付シートで指定する。
B10: 【A列】どのシートも、A列は空欄にしてある(使わない)。
B11: 【数式が崩れたとき】「数式メモ」シートに、主要な数式を文字で控えてある。
B12: 【データの範囲】「データ_全エリア」は4〜6000行。月が増えて足りなくなったら、各集計シートの 6000 を広げる。
B13: 【シート一覧】使い方 / 各エリア_マスタURL貼付 / データ_全エリア / 集計_エリア別 / 集計_販路 / 集計_販路エリア / 集計_各エリア店舗別シェア率 / 集計_店舗別月次推移 / 数式メモ / TIR店舗一覧

Sheet 各エリア_マスタURL貼付
B1: 黄色のセルにURLを入れる | D1: 月は各月1日の日付で入れる。URLはその月のマスタのURL。行は下に足していく。
B2: エリア | C2: 月 | D2: ブックのURL | E2: シート名 | F2: 接続状況 | H2: 月一覧(自動・編集NG)
B3: 北海道 | C3: 46266 | E3: 店舗別シェア率 | F3: =IFERROR(__xludf.DUMMYFUNCTION("IF($D3="""",""未設定"",IF(ISERROR(IMPORTRANGE($D3,""'""&$E3&""'!B2"")),""未接続(アクセス許可が必要)"",""OK""))"),"未設定") -> 未設定 | H3: =IFERROR(__xludf.DUMMYFUNCTION("IFERROR(SORT(UNIQUE(FILTER(C3:C1024,C3:C1024<>"""")),1,FALSE),"""")"),46357.0) -> 46357
B4: 東北 | C4: 46266 | E4: 店舗別シェア率 | F4: =IFERROR(__xludf.DUMMYFUNCTION("IF($D4="""",""未設定"",IF(ISERROR(IMPORTRANGE($D4,""'""&$E4&""'!B2"")),""未接続(アクセス許可が必要)"",""OK""))"),"未設定") -> 未設定 | H4: =IFERROR(__xludf.DUMMYFUNCTION("""COMPUTED_VALUE"""),46327.0) -> 46327
B5: 関東 | C5: 46266 | E5: CESシェア率回収 | F5: =IFERROR(__xludf.DUMMYFUNCTION("IF($D5="""",""未設定"",IF(ISERROR(IMPORTRANGE($D5,""'""&$E5&""'!B2"")),""未接続(アクセス許可が必要)"",""OK""))"),"未設定") -> 未設定 | H5: =IFERROR(__xludf.DUMMYFUNCTION("""COMPUTED_VALUE"""),46296.0) -> 46296
B6: 信越 | C6: 46266 | E6: 店舗別シェア率 | F6: =IFERROR(__xludf.DUMMYFUNCTION("IF($D6="""",""未設定"",IF(ISERROR(IMPORTRANGE($D6,""'""&$E6&""'!B2"")),""未接続(アクセス許可が必要)"",""OK""))"),"未設定") -> 未設定 | H6: =IFERROR(__xludf.DUMMYFUNCTION("""COMPUTED_VALUE"""),46266.0) -> 46266
B7: 中部 | C7: 46266 | E7: 店舗別シェア率 | F7: =IFERROR(__xludf.DUMMYFUNCTION("IF($D7="""",""未設定"",IF(ISERROR(IMPORTRANGE($D7,""'""&$E7&""'!B2"")),""未接続(アクセス許可が必要)"",""OK""))"),"未設定") -> 未設定
B8: 関西 | C8: 46266 | E8: 店舗別シェア率 | F8: =IFERROR(__xludf.DUMMYFUNCTION("IF($D8="""",""未設定"",IF(ISERROR(IMPORTRANGE($D8,""'""&$E8&""'!B2"")),""未接続(アクセス許可が必要)"",""OK""))"),"未設定") -> 未設定
B9: 中四国 | C9: 46266 | E9: 店舗別シェア率 | F9: =IFERROR(__xludf.DUMMYFUNCTION("IF($D9="""",""未設定"",IF(ISERROR(IMPORTRANGE($D9,""'""&$E9&""'!B2"")),""未接続(アクセス許可が必要)"",""OK""))"),"未設定") -> 未設定
B10: 九州・沖縄 | C10: 46266 | E10: 店舗別シェア率 | F10: =IFERROR(__xludf.DUMMYFUNCTION("IF($D10="""",""未設定"",IF(ISERROR(IMPORTRANGE($D10,""'""&$E10&""'!B2"")),""未接続(アクセス許可が必要)"",""OK""))"),"未設定") -> 未設定
B11: 北海道 | C11: 46296 | D11: https://docs.google.com/spreadsheets/d/1HQmMw_eziFnqzbZBgjBJBxCgKpzZ3nBOXESYZ8n0RFA/edit?gid=1169211779#gid=1169211779 | E11: 店舗別シェア率 | F11: =IFERROR(__xludf.DUMMYFUNCTION("IF($D11="""",""未設定"",IF(ISERROR(IMPORTRANGE($D11,""'""&$E11&""'!B2"")),""未接続(アクセス許可が必要)"",""OK""))"),"OK") -> OK
B12: 東北 | C12: 46296 | E12: 店舗別シェア率 | F12: =IFERROR(__xludf.DUMMYFUNCTION("IF($D12="""",""未設定"",IF(ISERROR(IMPORTRANGE($D12,""'""&$E12&""'!B2"")),""未接続(アクセス許可が必要)"",""OK""))"),"未設定") -> 未設定
B13: 関東 | C13: 46296 | D13: https://docs.google.com/spreadsheets/d/1FC01E-bDaShIRILMefsepFfA8yNt8BDjGhHZDlqZ0gQ/edit?gid=173124311#gid=173124311 | E13: CESシェア率回収 | F13: =IFERROR(__xludf.DUMMYFUNCTION("IF($D13="""",""未設定"",IF(ISERROR(IMPORTRANGE($D13,""'""&$E13&""'!B2"")),""未接続(アクセス許可が必要)"",""OK""))"),"OK") -> OK
B14: 信越 | C14: 46296 | D14: https://docs.google.com/spreadsheets/d/1CysG2mPIAHK5LHa7IAxotVT4BXZeF_ffoPWhat6Buvs/edit?pli=1&gid=1208661004#gid=1208661004 | E14: 店舗別シェア率 | F14: =IFERROR(__xludf.DUMMYFUNCTION("IF($D14="""",""未設定"",IF(ISERROR(IMPORTRANGE($D14,""'""&$E14&""'!B2"")),""未接続(アクセス許可が必要)"",""OK""))"),"OK") -> OK
B15: 中部 | C15: 46296 | E15: 店舗別シェア率 | F15: =IFERROR(__xludf.DUMMYFUNCTION("IF($D15="""",""未設定"",IF(ISERROR(IMPORTRANGE($D15,""'""&$E15&""'!B2"")),""未接続(アクセス許可が必要)"",""OK""))"),"未設定") -> 未設定
B16: 関西 | C16: 46296 | E16: 店舗別シェア率 | F16: =IFERROR(__xludf.DUMMYFUNCTION("IF($D16="""",""未設定"",IF(ISERROR(IMPORTRANGE($D16,""'""&$E16&""'!B2"")),""未接続(アクセス許可が必要)"",""OK""))"),"未設定") -> 未設定
B17: 中四国 | C17: 46296 | E17: 店舗別シェア率 | F17: =IFERROR(__xludf.DUMMYFUNCTION("IF($D17="""",""未設定"",IF(ISERROR(IMPORTRANGE($D17,""'""&$E17&""'!B2"")),""未接続(アクセス許可が必要)"",""OK""))"),"未設定") -> 未設定
B18: 九州・沖縄 | C18: 46296 | E18: 店舗別シェア率 | F18: =IFERROR(__xludf.DUMMYFUNCTION("IF($D18="""",""未設定"",IF(ISERROR(IMPORTRANGE($D18,""'""&$E18&""'!B2"")),""未接続(アクセス許可が必要)"",""OK""))"),"未設定") -> 未設定
B19: 北海道 | C19: 46327 | D19: https://docs.google.com/spreadsheets/d/1WKwLcLgVV_7EA1xhpH5oDhrJznfU2GoPsvu6i_-nhEQ/edit?gid=1169211779#gid=1169211779 | E19: 店舗別シェア率 | F19: =IFERROR(__xludf.DUMMYFUNCTION("IF($D19="""",""未設定"",IF(ISERROR(IMPORTRANGE($D19,""'""&$E19&""'!B2"")),""未接続(アクセス許可が必要)"",""OK""))"),"OK") -> OK
B20: 東北 | C20: 46327 | D20: https://docs.google.com/spreadsheets/d/1LFC3bOKOjnaFY8UQ8VRQi9q1gvSGE7PvaYTDNQj8RP8/edit?gid=1169211779#gid=1169211779 | E20: 店舗別シェア率 | F20: =IFERROR(__xludf.DUMMYFUNCTION("IF($D20="""",""未設定"",IF(ISERROR(IMPORTRANGE($D20,""'""&$E20&""'!B2"")),""未接続(アクセス許可が必要)"",""OK""))"),"OK") -> OK
B21: 関東 | C21: 46327 | D21: https://docs.google.com/spreadsheets/d/1LI9_bnOc87G-uwrO4xOBg7C8ugZ9QIk9eosfRSqvXmw/edit?gid=1991733541#gid=1991733541 | E21: CESシェア率回収 | F21: =IFERROR(__xludf.DUMMYFUNCTION("IF($D21="""",""未設定"",IF(ISERROR(IMPORTRANGE($D21,""'""&$E21&""'!B2"")),""未接続(アクセス許可が必要)"",""OK""))"),"OK") -> OK
B22: 信越 | C22: 46327 | E22: 店舗別シェア率 | F22: =IFERROR(__xludf.DUMMYFUNCTION("IF($D22="""",""未設定"",IF(ISERROR(IMPORTRANGE($D22,""'""&$E22&""'!B2"")),""未接続(アクセス許可が必要)"",""OK""))"),"未設定") -> 未設定
B23: 中部 | C23: 46327 | D23: https://docs.google.com/spreadsheets/d/1xkO-x3oKEjKEh9o1tBgF70i-f_SH5vk3NzoPDShDunU/edit?gid=1169211779#gid=1169211779 | E23: 店舗別シェア率 | F23: =IFERROR(__xludf.DUMMYFUNCTION("IF($D23="""",""未設定"",IF(ISERROR(IMPORTRANGE($D23,""'""&$E23&""'!B2"")),""未接続(アクセス許可が必要)"",""OK""))"),"OK") -> OK
B24: 関西 | C24: 46327 | D24: https://docs.google.com/spreadsheets/d/1qiFm_6D1uHvvLy0aBYEzfqL0LPKxjbBCKA9FknlHvvU/edit?gid=1169211779#gid=1169211779 | E24: 店舗別シェア率 | F24: =IFERROR(__xludf.DUMMYFUNCTION("IF($D24="""",""未設定"",IF(ISERROR(IMPORTRANGE($D24,""'""&$E24&""'!B2"")),""未接続(アクセス許可が必要)"",""OK""))"),"OK") -> OK
B25: 中四国 | C25: 46327 | D25: https://docs.google.com/spreadsheets/d/11mCKxxNiQxn8hboizpmYKdY7cG4sG6tgO17FgdlN5EA/edit?gid=1169211779#gid=1169211779 | E25: 店舗別シェア率 | F25: =IFERROR(__xludf.DUMMYFUNCTION("IF($D25="""",""未設定"",IF(ISERROR(IMPORTRANGE($D25,""'""&$E25&""'!B2"")),""未接続(アクセス許可が必要)"",""OK""))"),"OK") -> OK
B26: 九州・沖縄 | C26: 46327 | D26: https://docs.google.com/spreadsheets/d/1XfSk3wS9zWKljCqL9ar8d6wt6FBhVHm-aWZ2NDYT0hI/edit?gid=1169211779#gid=1169211779 | E26: 店舗別シェア率 | F26: =IFERROR(__xludf.DUMMYFUNCTION("IF($D26="""",""未設定"",IF(ISERROR(IMPORTRANGE($D26,""'""&$E26&""'!B2"")),""未接続(アクセス許可が必要)"",""OK""))"),"OK") -> OK
B27: 北海道 | C27: 46357 | E27: 店舗別シェア率 | F27: =IFERROR(__xludf.DUMMYFUNCTION("IF($D27="""",""未設定"",IF(ISERROR(IMPORTRANGE($D27,""'""&$E27&""'!B2"")),""未接続(アクセス許可が必要)"",""OK""))"),"未設定") -> 未設定
B28: 東北 | C28: 46357 | E28: 店舗別シェア率 | F28: =IFERROR(__xludf.DUMMYFUNCTION("IF($D28="""",""未設定"",IF(ISERROR(IMPORTRANGE($D28,""'""&$E28&""'!B2"")),""未接続(アクセス許可が必要)"",""OK""))"),"未設定") -> 未設定
B29: 関東 | C29: 46357 | E29: CESシェア率回収 | F29: =IFERROR(__xludf.DUMMYFUNCTION("IF($D29="""",""未設定"",IF(ISERROR(IMPORTRANGE($D29,""'""&$E29&""'!B2"")),""未接続(アクセス許可が必要)"",""OK""))"),"未設定") -> 未設定
B30: 信越 | C30: 46357 | E30: 店舗別シェア率 | F30: =IFERROR(__xludf.DUMMYFUNCTION("IF($D30="""",""未設定"",IF(ISERROR(IMPORTRANGE($D30,""'""&$E30&""'!B2"")),""未接続(アクセス許可が必要)"",""OK""))"),"未設定") -> 未設定
B31: 中部 | C31: 46357 | E31: 店舗別シェア率 | F31: =IFERROR(__xludf.DUMMYFUNCTION("IF($D31="""",""未設定"",IF(ISERROR(IMPORTRANGE($D31,""'""&$E31&""'!B2"")),""未接続(アクセス許可が必要)"",""OK""))"),"未設定") -> 未設定
B32: 関西 | C32: 46357 | E32: 店舗別シェア率 | F32: =IFERROR(__xludf.DUMMYFUNCTION("IF($D32="""",""未設定"",IF(ISERROR(IMPORTRANGE($D32,""'""&$E32&""'!B2"")),""未接続(アクセス許可が必要)"",""OK""))"),"未設定") -> 未設定
B33: 中四国 | C33: 46357 | E33: 店舗別シェア率 | F33: =IFERROR(__xludf.DUMMYFUNCTION("IF($D33="""",""未設定"",IF(ISERROR(IMPORTRANGE($D33,""'""&$E33&""'!B2"")),""未接続(アクセス許可が必要)"",""OK""))"),"未設定") -> 未設定
B34: 九州・沖縄 | C34: 46357 | E34: 店舗別シェア率 | F34: =IFERROR(__xludf.DUMMYFUNCTION("IF($D34="""",""未設定"",IF(ISERROR(IMPORTRANGE($D34,""'""&$E34&""'!B2"")),""未接続(アクセス許可が必要)"",""OK""))"),"未設定") -> 未設定
B36: 入力例(参考。D列には、実際のURLを入れる):https://docs.google.com/spreadsheets/d/XXXXXXXXXXXXXXXX/edit
B37: ※エリア名は「TIR店舗一覧」のB列と同じ表記にする。E列は、各エリアのブックの取り込み元シート名(通常は変更しない)。

Sheet データ_全エリア
C1: 取り込みデータ(自動表示のため編集NG)
G2: 総販ベース | M2: 新規/MNPベース | V2: 補助列(自動表示・編集NG)
B3: 月 | C3: エリア | D3: 店舗コード | E3: 店舗名 | F3: 楽天総販 | G3: ドコモ | H3: au | I3: SB | J3: UQ | K3: Yモバ | L3: 楽天 | M3: ドコモ | N3: au | O3: SB | P3: UQ | Q3: Yモバ | R3: 楽天 | S3: 総販 | T3: 新規/MNP | U3: 販路 | V3: ドコモのシェア率 × 総販 | W3: auのシェア率 × 総販 | X3: SBのシェア率 × 総販 | Y3: UQのシェア率 × 総販 | Z3: Yモバのシェア率 × 総販 | AA3: 楽天のシェア率 × 総販 | AB3: ドコモのシェア率 × 新規/MNP | AC3: auのシェア率 × 新規/MNP | AD3: SBのシェア率 × 新規/MNP | AE3: UQのシェア率 × 新規/MNP | AF3: Yモバのシェア率 × 新規/MNP | AG3: 楽天のシェア率 × 新規/MNP
B4: =IFERROR(__xludf.DUMMYFUNCTION("IFERROR(LET(u,FILTER('各エリア_マスタURL貼付'!C3:E1024,'各エリア_マスタURL貼付'!D3:D1024<>""""), d,REDUCE(MAKEARRAY(1,21,LAMBDA(r,c,"""")),SEQUENCE(ROWS(u)),LAMBDA(a,i,VSTACK(a,LET( b,IFERROR(IMPORTRANGE(INDEX(u,i,2),""'""&INDEX(u,i,3)&""'!B6:U65""),MAKEARRAY(1,20,LAMBDA(r"&",c,""""))), HSTACK(MAKEARRAY(ROWS(b),1,LAMBDA(r,c,INDEX(u,i,1))),b))))), CHOOSECOLS(FILTER(d,INDEX(d,0,3)<>""""),1,2,3,4,5,6,7,8,9,10,11,12,13,14,15,16,17,20,21)),"""")"),46296.0) -> 46296 | C4: =IFERROR(__xludf.DUMMYFUNCTION("""COMPUTED_VALUE"""),"北海道") -> 北海道 | D4: =IFERROR(__xludf.DUMMYFUNCTION("""COMPUTED_VALUE"""),8327.0) -> 8327 | E4: =IFERROR(__xludf.DUMMYFUNCTION("""COMPUTED_VALUE"""),"ケーズデンキ 北見店") -> ケーズデンキ 北見店 | F4: =IFERROR(__xludf.DUMMYFUNCTION("""COMPUTED_VALUE"""),37.0) -> 37 | G4: =IFERROR(__xludf.DUMMYFUNCTION("""COMPUTED_VALUE"""),0.0) -> 0 | H4: =IFERROR(__xludf.DUMMYFUNCTION("""COMPUTED_VALUE"""),0.0) -> 0 | I4: =IFERROR(__xludf.DUMMYFUNCTION("""COMPUTED_VALUE"""),0.0) -> 0 | J4: =IFERROR(__xludf.DUMMYFUNCTION("""COMPUTED_VALUE"""),0.0) -> 0 | K4: =IFERROR(__xludf.DUMMYFUNCTION("""COMPUTED_VALUE"""),0.0) -> 0 | L4: =IFERROR(__xludf.DUMMYFUNCTION("""COMPUTED_VALUE"""),1.0) -> 1 | M4: =IFERROR(__xludf.DUMMYFUNCTION("""COMPUTED_VALUE"""),0.0) -> 0 | N4: =IFERROR(__xludf.DUMMYFUNCTION("""COMPUTED_VALUE"""),0.0) -> 0 | O4: =IFERROR(__xludf.DUMMYFUNCTION("""COMPUTED_VALUE"""),0.0) -> 0 | P4: =IFERROR(__xludf.DUMMYFUNCTION("""COMPUTED_VALUE"""),0.0) -> 0 | Q4: =IFERROR(__xludf.DUMMYFUNCTION("""COMPUTED_VALUE"""),0.0) -> 0 | R4: =IFERROR(__xludf.DUMMYFUNCTION("""COMPUTED_VALUE"""),1.0) -> 1 | S4: =IFERROR(__xludf.DUMMYFUNCTION("""COMPUTED_VALUE"""),37.0) -> 37 | T4: =IFERROR(__xludf.DUMMYFUNCTION("""COMPUTED_VALUE"""),37.0) -> 37 | U4: {=IF($D4="","",IFERROR(_xlfn.XLOOKUP($D4,'TIR店舗一覧'!$D:$D,'TIR店舗一覧'!$E:$E,""),""))} -> KS | V4: {=IF($D$4:$D$6000="","",IFERROR(G$4:L$6000*$S$4:$S$6000,0))} -> 0 | W4: 0 | X4: 0 | Y4: 0 | Z4: 0 | AA4: 37 | AB4: {=IF($D$4:$D$6000="","",IFERROR(M$4:R$6000*$T$4:$T$6000,0))} -> 0 | AC4: 0 | AD4: 0 | AE4: 0 | AF4: 0 | AG4: 37
B5: =IFERROR(__xludf.DUMMYFUNCTION("""COMPUTED_VALUE"""),46296.0) -> 46296 | C5: =IFERROR(__xludf.DUMMYFUNCTION("""COMPUTED_VALUE"""),"北海道") -> 北海道 | D5: =IFERROR(__xludf.DUMMYFUNCTION("""COMPUTED_VALUE"""),8359.0) -> 8359 | E5: =IFERROR(__xludf.DUMMYFUNCTION("""COMPUTED_VALUE"""),"ケーズデンキ 平岸店") -> ケーズデンキ 平岸店 | F5: =IFERROR(__xludf.DUMMYFUNCTION("""COMPUTED_VALUE"""),41.0) -> 41 | G5: =IFERROR(__xludf.DUMMYFUNCTION("""COMPUTED_VALUE"""),0.0) -> 0 | H5: =IFERROR(__xludf.DUMMYFUNCTION("""COMPUTED_VALUE"""),0.0) -> 0 | I5: =IFERROR(__xludf.DUMMYFUNCTION("""COMPUTED_VALUE"""),0.0) -> 0 | J5: =IFERROR(__xludf.DUMMYFUNCTION("""COMPUTED_VALUE"""),0.0) -> 0 | K5: =IFERROR(__xludf.DUMMYFUNCTION("""COMPUTED_VALUE"""),0.0) -> 0 | L5: =IFERROR(__xludf.DUMMYFUNCTION("""COMPUTED_VALUE"""),1.0) -> 1 | M5: =IFERROR(__xludf.DUMMYFUNCTION("""COMPUTED_VALUE"""),0.0) -> 0 | N5: =IFERROR(__xludf.DUMMYFUNCTION("""COMPUTED_VALUE"""),0.0) -> 0 | O5: =IFERROR(__xludf.DUMMYFUNCTION("""COMPUTED_VALUE"""),0.0) -> 0 | P5: =IFERROR(__xludf.DUMMYFUNCTION("""COMPUTED_VALUE"""),0.0) -> 0 | Q5: =IFERROR(__xludf.DUMMYFUNCTION("""COMPUTED_VALUE"""),0.0) -> 0 | R5: =IFERROR(__xludf.DUMMYFUNCTION("""COMPUTED_VALUE"""),1.0) -> 1 | S5: =IFERROR(__xludf.DUMMYFUNCTION("""COMPUTED_VALUE"""),41.0) -> 41 | T5: =IFERROR(__xludf.DUMMYFUNCTION("""COMPUTED_VALUE"""),41.0) -> 41 | U5: {=IF($D5="","",IFERROR(_xlfn.XLOOKUP($D5,'TIR店舗一覧'!$D:$D,'TIR店舗一覧'!$E:$E,""),""))} -> KS | V5: 0 | W5: 0 | X5: 0 | Y5: 0 | Z5: 0 | AA5: 41 | AB5: 0 | AC5: 0 | AD5: 0 | AE5: 0 | AF5: 0 | AG5: 41
B6: =IFERROR(__xludf.DUMMYFUNCTION("""COMPUTED_VALUE"""),46296.0) -> 46296 | C6: =IFERROR(__xludf.DUMMYFUNCTION("""COMPUTED_VALUE"""),"北海道") -> 北海道 | D6: =IFERROR(__xludf.DUMMYFUNCTION("""COMPUTED_VALUE"""),8358.0) -> 8358 | E6: =IFERROR(__xludf.DUMMYFUNCTION("""COMPUTED_VALUE"""),"ケーズデンキ 発寒店") -> ケーズデンキ 発寒店 | F6: =IFERROR(__xludf.DUMMYFUNCTION("""COMPUTED_VALUE"""),53.0) -> 53 | G6: =IFERROR(__xludf.DUMMYFUNCTION("""COMPUTED_VALUE"""),0.0) -> 0 | H6: =IFERROR(__xludf.DUMMYFUNCTION("""COMPUTED_VALUE"""),0.0) -> 0 | I6: =IFERROR(__xludf.DUMMYFUNCTION("""COMPUTED_VALUE"""),0.0) -> 0 | J6: =IFERROR(__xludf.DUMMYFUNCTION("""COMPUTED_VALUE"""),0.0) -> 0 | K6: =IFERROR(__xludf.DUMMYFUNCTION("""COMPUTED_VALUE"""),0.0) -> 0 | L6: =IFERROR(__xludf.DUMMYFUNCTION("""COMPUTED_VALUE"""),1.0) -> 1 | M6: =IFERROR(__xludf.DUMMYFUNCTION("""COMPUTED_VALUE"""),0.0) -> 0 | N6: =IFERROR(__xludf.DUMMYFUNCTION("""COMPUTED_VALUE"""),0.0) -> 0 | O6: =IFERROR(__xludf.DUMMYFUNCTION("""COMPUTED_VALUE"""),0.0) -> 0 | P6: =IFERROR(__xludf.DUMMYFUNCTION("""COMPUTED_VALUE"""),0.0) -> 0 | Q6: =IFERROR(__xludf.DUMMYFUNCTION("""COMPUTED_VALUE"""),0.0) -> 0 | R6: =IFERROR(__xludf.DUMMYFUNCTION("""COMPUTED_VALUE"""),1.0) -> 1 | S6: =IFERROR(__xludf.DUMMYFUNCTION("""COMPUTED_VALUE"""),53.0) -> 53 | T6: =IFERROR(__xludf.DUMMYFUNCTION("""COMPUTED_VALUE"""),53.0) -> 53 | U6: {=IF($D6="","",IFERROR(_xlfn.XLOOKUP($D6,'TIR店舗一覧'!$D:$D,'TIR店舗一覧'!$E:$E,""),""))} -> KS | V6: 0 | W6: 0 | X6: 0 | Y6: 0 | Z6: 0 | AA6: 53 | AB6: 0 | AC6: 0 | AD6: 0 | AE6: 0 | AF6: 0 | AG6: 53
B7: =IFERROR(__xludf.DUMMYFUNCTION("""COMPUTED_VALUE"""),46296.0) -> 46296 | C7: =IFERROR(__xludf.DUMMYFUNCTION("""COMPUTED_VALUE"""),"北海道") -> 北海道 | D7: =IFERROR(__xludf.DUMMYFUNCTION("""COMPUTED_VALUE"""),8363.0) -> 8363 | E7: =IFERROR(__xludf.DUMMYFUNCTION("""COMPUTED_VALUE"""),"ケーズデンキ 室蘭モルエ店") -> ケーズデンキ 室蘭モルエ店 | F7: =IFERROR(__xludf.DUMMYFUNCTION("""COMPUTED_VALUE"""),25.0) -> 25 | G7: =IFERROR(__xludf.DUMMYFUNCTION("""COMPUTED_VALUE"""),0.0) -> 0 | H7: =IFERROR(__xludf.DUMMYFUNCTION("""COMPUTED_VALUE"""),0.0) -> 0 | I7: =IFERROR(__xludf.DUMMYFUNCTION("""COMPUTED_VALUE"""),0.0) -> 0 | J7: =IFERROR(__xludf.DUMMYFUNCTION("""COMPUTED_VALUE"""),0.0) -> 0 | K7: =IFERROR(__xludf.DUMMYFUNCTION("""COMPUTED_VALUE"""),0.0) -> 0 | L7: =IFERROR(__xludf.DUMMYFUNCTION("""COMPUTED_VALUE"""),1.0) -> 1 | M7: =IFERROR(__xludf.DUMMYFUNCTION("""COMPUTED_VALUE"""),0.0) -> 0 | N7: =IFERROR(__xludf.DUMMYFUNCTION("""COMPUTED_VALUE"""),0.0) -> 0 | O7: =IFERROR(__xludf.DUMMYFUNCTION("""COMPUTED_VALUE"""),0.0) -> 0 | P7: =IFERROR(__xludf.DUMMYFUNCTION("""COMPUTED_VALUE"""),0.0) -> 0 | Q7: =IFERROR(__xludf.DUMMYFUNCTION("""COMPUTED_VALUE"""),0.0) -> 0 | R7: =IFERROR(__xludf.DUMMYFUNCTION("""COMPUTED_VALUE"""),1.0) -> 1 | S7: =IFERROR(__xludf.DUMMYFUNCTION("""COMPUTED_VALUE"""),25.0) -> 25 | T7: =IFERROR(__xludf.DUMMYFUNCTION("""COMPUTED_VALUE"""),25.0) -> 25 | U7: {=IF($D7="","",IFERROR(_xlfn.XLOOKUP($D7,'TIR店舗一覧'!$D:$D,'TIR店舗一覧'!$E:$E,""),""))} -> KS | V7: 0 | W7: 0 | X7: 0 | Y7: 0 | Z7: 0 | AA7: 25 | AB7: 0 | AC7: 0 | AD7: 0 | AE7: 0 | AF7: 0 | AG7: 25
B8: =IFERROR(__xludf.DUMMYFUNCTION("""COMPUTED_VALUE"""),46296.0) -> 46296 | C8: =IFERROR(__xludf.DUMMYFUNCTION("""COMPUTED_VALUE"""),"北海道") -> 北海道 | D8: =IFERROR(__xludf.DUMMYFUNCTION("""COMPUTED_VALUE"""),8326.0) -> 8326 | E8: =IFERROR(__xludf.DUMMYFUNCTION("""COMPUTED_VALUE"""),"ケーズデンキ 釧路本店") -> ケーズデンキ 釧路本店 | F8: =IFERROR(__xludf.DUMMYFUNCTION("""COMPUTED_VALUE"""),21.0) -> 21 | G8: =IFERROR(__xludf.DUMMYFUNCTION("""COMPUTED_VALUE"""),0.0) -> 0 | H8: =IFERROR(__xludf.DUMMYFUNCTION("""COMPUTED_VALUE"""),0.0) -> 0 | I8: =IFERROR(__xludf.DUMMYFUNCTION("""COMPUTED_VALUE"""),0.0) -> 0 | J8: =IFERROR(__xludf.DUMMYFUNCTION("""COMPUTED_VALUE"""),0.0) -> 0 | K8: =IFERROR(__xludf.DUMMYFUNCTION("""COMPUTED_VALUE"""),0.0) -> 0 | L8: =IFERROR(__xludf.DUMMYFUNCTION("""COMPUTED_VALUE"""),1.0) -> 1 | M8: =IFERROR(__xludf.DUMMYFUNCTION("""COMPUTED_VALUE"""),0.0) -> 0 | N8: =IFERROR(__xludf.DUMMYFUNCTION("""COMPUTED_VALUE"""),0.0) -> 0 | O8: =IFERROR(__xludf.DUMMYFUNCTION("""COMPUTED_VALUE"""),0.0) -> 0 | P8: =IFERROR(__xludf.DUMMYFUNCTION("""COMPUTED_VALUE"""),0.0) -> 0 | Q8: =IFERROR(__xludf.DUMMYFUNCTION("""COMPUTED_VALUE"""),0.0) -> 0 | R8: =IFERROR(__xludf.DUMMYFUNCTION("""COMPUTED_VALUE"""),1.0) -> 1 | S8: =IFERROR(__xludf.DUMMYFUNCTION("""COMPUTED_VALUE"""),21.0) -> 21 | T8: =IFERROR(__xludf.DUMMYFUNCTION("""COMPUTED_VALUE"""),21.0) -> 21 | U8: {=IF($D8="","",IFERROR(_xlfn.XLOOKUP($D8,'TIR店舗一覧'!$D:$D,'TIR店舗一覧'!$E:$E,""),""))} -> KS | V8: 0 | W8: 0 | X8: 0 | Y8: 0 | Z8: 0 | AA8: 21 | AB8: 0 | AC8: 0 | AD8: 0 | AE8: 0 | AF8: 0 | AG8: 21
B9: =IFERROR(__xludf.DUMMYFUNCTION("""COMPUTED_VALUE"""),46296.0) -> 46296 | C9: =IFERROR(__xludf.DUMMYFUNCTION("""COMPUTED_VALUE"""),"北海道") -> 北海道 | D9: =IFERROR(__xludf.DUMMYFUNCTION("""COMPUTED_VALUE"""),7071.0) -> 7071 | E9: =IFERROR(__xludf.DUMMYFUNCTION("""COMPUTED_VALUE"""),"ケーズデンキ インターヴィレッジ大曲店") -> ケーズデンキ インターヴィレッジ大曲店 | F9: =IFERROR(__xludf.DUMMYFUNCTION("""COMPUTED_VALUE"""),23.0) -> 23 | G9: =IFERROR(__xludf.DUMMYFUNCTION("""COMPUTED_VALUE"""),0.0) -> 0 | H9: =IFERROR(__xludf.DUMMYFUNCTION("""COMPUTED_VALUE"""),0.0) -> 0 | I9: =IFERROR(__xludf.DUMMYFUNCTION("""COMPUTED_VALUE"""),0.0) -> 0 | J9: =IFERROR(__xludf.DUMMYFUNCTION("""COMPUTED_VALUE"""),0.0) -> 0 | K9: =IFERROR(__xludf.DUMMYFUNCTION("""COMPUTED_VALUE"""),0.0) -> 0 | L9: =IFERROR(__xludf.DUMMYFUNCTION("""COMPUTED_VALUE"""),1.0) -> 1 | M9: =IFERROR(__xludf.DUMMYFUNCTION("""COMPUTED_VALUE"""),0.0) -> 0 | N9: =IFERROR(__xludf.DUMMYFUNCTION("""COMPUTED_VALUE"""),0.0) -> 0 | O9: =IFERROR(__xludf.DUMMYFUNCTION("""COMPUTED_VALUE"""),0.0) -> 0 | P9: =IFERROR(__xludf.DUMMYFUNCTION("""COMPUTED_VALUE"""),0.0) -> 0 | Q9: =IFERROR(__xludf.DUMMYFUNCTION("""COMPUTED_VALUE"""),0.0) -> 0 | R9: =IFERROR(__xludf.DUMMYFUNCTION("""COMPUTED_VALUE"""),1.0) -> 1 | S9: =IFERROR(__xludf.DUMMYFUNCTION("""COMPUTED_VALUE"""),23.0) -> 23 | T9: =IFERROR(__xludf.DUMMYFUNCTION("""COMPUTED_VALUE"""),23.0) -> 23 | U9: {=IF($D9="","",IFERROR(_xlfn.XLOOKUP($D9,'TIR店舗一覧'!$D:$D,'TIR店舗一覧'!$E:$E,""),""))} -> KS | V9: 0 | W9: 0 | X9: 0 | Y9: 0 | Z9: 0 | AA9: 23 | AB9: 0 | AC9: 0 | AD9: 0 | AE9: 0 | AF9: 0 | AG9: 23
B10: =IFERROR(__xludf.DUMMYFUNCTION("""COMPUTED_VALUE"""),46296.0) -> 46296 | C10: =IFERROR(__xludf.DUMMYFUNCTION("""COMPUTED_VALUE"""),"北海道") -> 北海道 | D10: =IFERROR(__xludf.DUMMYFUNCTION("""COMPUTED_VALUE"""),8903.0) -> 8903 | E10: =IFERROR(__xludf.DUMMYFUNCTION("""COMPUTED_VALUE"""),"エディオン 旭川豊岡店") -> エディオン 旭川豊岡店 | F10: =IFERROR(__xludf.DUMMYFUNCTION("""COMPUTED_VALUE"""),23.0) -> 23 | G10: =IFERROR(__xludf.DUMMYFUNCTION("""COMPUTED_VALUE"""),0.0) -> 0 | H10: =IFERROR(__xludf.DUMMYFUNCTION("""COMPUTED_VALUE"""),0.0) -> 0 | I10: =IFERROR(__xludf.DUMMYFUNCTION("""COMPUTED_VALUE"""),0.0) -> 0 | J10: =IFERROR(__xludf.DUMMYFUNCTION("""COMPUTED_VALUE"""),0.0) -> 0 | K10: =IFERROR(__xludf.DUMMYFUNCTION("""COMPUTED_VALUE"""),0.0) -> 0 | L10: =IFERROR(__xludf.DUMMYFUNCTION("""COMPUTED_VALUE"""),1.0) -> 1 | M10: =IFERROR(__xludf.DUMMYFUNCTION("""COMPUTED_VALUE"""),0.0) -> 0 | N10: =IFERROR(__xludf.DUMMYFUNCTION("""COMPUTED_VALUE"""),0.0) -> 0 | O10: =IFERROR(__xludf.DUMMYFUNCTION("""COMPUTED_VALUE"""),0.0) -> 0 | P10: =IFERROR(__xludf.DUMMYFUNCTION("""COMPUTED_VALUE"""),0.0) -> 0 | Q10: =IFERROR(__xludf.DUMMYFUNCTION("""COMPUTED_VALUE"""),0.0) -> 0 | R10: =IFERROR(__xludf.DUMMYFUNCTION("""COMPUTED_VALUE"""),1.0) -> 1 | S10: =IFERROR(__xludf.DUMMYFUNCTION("""COMPUTED_VALUE"""),23.0) -> 23 | T10: =IFERROR(__xludf.DUMMYFUNCTION("""COMPUTED_VALUE"""),23.0) -> 23 | U10: {=IF($D10="","",IFERROR(_xlfn.XLOOKUP($D10,'TIR店舗一覧'!$D:$D,'TIR店舗一覧'!$E:$E,""),""))} -> ED | V10: 0 | W10: 0 | X10: 0 | Y10: 0 | Z10: 0 | AA10: 23 | AB10: 0 | AC10: 0 | AD10: 0 | AE10: 0 | AF10: 0 | AG10: 23
B11: =IFERROR(__xludf.DUMMYFUNCTION("""COMPUTED_VALUE"""),46296.0) -> 46296 | C11: =IFERROR(__xludf.DUMMYFUNCTION("""COMPUTED_VALUE"""),"関東") -> 関東 | D11: =IFERROR(__xludf.DUMMYFUNCTION("""COMPUTED_VALUE"""),8991.0) -> 8991 | E11: =IFERROR(__xludf.DUMMYFUNCTION("""COMPUTED_VALUE"""),"ヤマダファミリーショップ ヤオ秩父店") -> ヤマダファミリーショップ ヤオ秩父店 | F11: =IFERROR(__xludf.DUMMYFUNCTION("""COMPUTED_VALUE"""),40.0) -> 40 | G11: =IFERROR(__xludf.DUMMYFUNCTION("""COMPUTED_VALUE"""),0.0) -> 0 | H11: =IFERROR(__xludf.DUMMYFUNCTION("""COMPUTED_VALUE"""),0.0) -> 0 | I11: =IFERROR(__xludf.DUMMYFUNCTION("""COMPUTED_VALUE"""),0.0) -> 0 | J11: =IFERROR(__xludf.DUMMYFUNCTION("""COMPUTED_VALUE"""),0.0) -> 0 | K11: =IFERROR(__xludf.DUMMYFUNCTION("""COMPUTED_VALUE"""),0.0) -> 0 | L11: =IFERROR(__xludf.DUMMYFUNCTION("""COMPUTED_VALUE"""),1.0) -> 1 | M11: =IFERROR(__xludf.DUMMYFUNCTION("""COMPUTED_VALUE"""),0.0) -> 0 | N11: =IFERROR(__xludf.DUMMYFUNCTION("""COMPUTED_VALUE"""),0.0) -> 0 | O11: =IFERROR(__xludf.DUMMYFUNCTION("""COMPUTED_VALUE"""),0.0) -> 0 | P11: =IFERROR(__xludf.DUMMYFUNCTION("""COMPUTED_VALUE"""),0.0) -> 0 | Q11: =IFERROR(__xludf.DUMMYFUNCTION("""COMPUTED_VALUE"""),0.0) -> 0 | R11: =IFERROR(__xludf.DUMMYFUNCTION("""COMPUTED_VALUE"""),1.0) -> 1 | S11: =IFERROR(__xludf.DUMMYFUNCTION("""COMPUTED_VALUE"""),40.0) -> 40 | T11: =IFERROR(__xludf.DUMMYFUNCTION("""COMPUTED_VALUE"""),40.0) -> 40 | U11: {=IF($D11="","",IFERROR(_xlfn.XLOOKUP($D11,'TIR店舗一覧'!$D:$D,'TIR店舗一覧'!$E:$E,""),""))} -> YD | V11: 0 | W11: 0 | X11: 0 | Y11: 0 | Z11: 0 | AA11: 40 | AB11: 0 | AC11: 0 | AD11: 0 | AE11: 0 | AF11: 0 | AG11: 40
B12: =IFERROR(__xludf.DUMMYFUNCTION("""COMPUTED_VALUE"""),46296.0) -> 46296 | C12: =IFERROR(__xludf.DUMMYFUNCTION("""COMPUTED_VALUE"""),"関東") -> 関東 | D12: =IFERROR(__xludf.DUMMYFUNCTION("""COMPUTED_VALUE"""),8655.0) -> 8655 | E12: =IFERROR(__xludf.DUMMYFUNCTION("""COMPUTED_VALUE"""),"テックランド厚木店") -> テックランド厚木店 | F12: =IFERROR(__xludf.DUMMYFUNCTION("""COMPUTED_VALUE"""),19.0) -> 19 | G12: =IFERROR(__xludf.DUMMYFUNCTION("""COMPUTED_VALUE"""),0.0) -> 0 | H12: =IFERROR(__xludf.DUMMYFUNCTION("""COMPUTED_VALUE"""),0.0) -> 0 | I12: =IFERROR(__xludf.DUMMYFUNCTION("""COMPUTED_VALUE"""),0.0) -> 0 | J12: =IFERROR(__xludf.DUMMYFUNCTION("""COMPUTED_VALUE"""),0.0) -> 0 | K12: =IFERROR(__xludf.DUMMYFUNCTION("""COMPUTED_VALUE"""),0.0) -> 0 | L12: =IFERROR(__xludf.DUMMYFUNCTION("""COMPUTED_VALUE"""),1.0) -> 1 | M12: =IFERROR(__xludf.DUMMYFUNCTION("""COMPUTED_VALUE"""),0.0) -> 0 | N12: =IFERROR(__xludf.DUMMYFUNCTION("""COMPUTED_VALUE"""),0.0) -> 0 | O12: =IFERROR(__xludf.DUMMYFUNCTION("""COMPUTED_VALUE"""),0.0) -> 0 | P12: =IFERROR(__xludf.DUMMYFUNCTION("""COMPUTED_VALUE"""),0.0) -> 0 | Q12: =IFERROR(__xludf.DUMMYFUNCTION("""COMPUTED_VALUE"""),0.0) -> 0 | R12: =IFERROR(__xludf.DUMMYFUNCTION("""COMPUTED_VALUE"""),1.0) -> 1 | S12: =IFERROR(__xludf.DUMMYFUNCTION("""COMPUTED_VALUE"""),19.0) -> 19 | T12: =IFERROR(__xludf.DUMMYFUNCTION("""COMPUTED_VALUE"""),19.0) -> 19 | U12: {=IF($D12="","",IFERROR(_xlfn.XLOOKUP($D12,'TIR店舗一覧'!$D:$D,'TIR店舗一覧'!$E:$E,""),""))} -> YD | V12: 0 | W12: 0 | X12: 0 | Y12: 0 | Z12: 0 | AA12: 19 | AB12: 0 | AC12: 0 | AD12: 0 | AE12: 0 | AF12: 0 | AG12: 19
B13: =IFERROR(__xludf.DUMMYFUNCTION("""COMPUTED_VALUE"""),46296.0) -> 46296 | C13: =IFERROR(__xludf.DUMMYFUNCTION("""COMPUTED_VALUE"""),"関東") -> 関東 | D13: =IFERROR(__xludf.DUMMYFUNCTION("""COMPUTED_VALUE"""),8861.0) -> 8861 | E13: =IFERROR(__xludf.DUMMYFUNCTION("""COMPUTED_VALUE"""),"テックランド古河店") -> テックランド古河店 | F13: =IFERROR(__xludf.DUMMYFUNCTION("""COMPUTED_VALUE"""),18.0) -> 18 | G13: =IFERROR(__xludf.DUMMYFUNCTION("""COMPUTED_VALUE"""),0.0) -> 0 | H13: =IFERROR(__xludf.DUMMYFUNCTION("""COMPUTED_VALUE"""),0.0) -> 0 | I13: =IFERROR(__xludf.DUMMYFUNCTION("""COMPUTED_VALUE"""),0.0) -> 0 | J13: =IFERROR(__xludf.DUMMYFUNCTION("""COMPUTED_VALUE"""),0.0) -> 0 | K13: =IFERROR(__xludf.DUMMYFUNCTION("""COMPUTED_VALUE"""),0.0) -> 0 | L13: =IFERROR(__xludf.DUMMYFUNCTION("""COMPUTED_VALUE"""),1.0) -> 1 | M13: =IFERROR(__xludf.DUMMYFUNCTION("""COMPUTED_VALUE"""),0.0) -> 0 | N13: =IFERROR(__xludf.DUMMYFUNCTION("""COMPUTED_VALUE"""),0.0) -> 0 | O13: =IFERROR(__xludf.DUMMYFUNCTION("""COMPUTED_VALUE"""),0.0) -> 0 | P13: =IFERROR(__xludf.DUMMYFUNCTION("""COMPUTED_VALUE"""),0.0) -> 0 | Q13: =IFERROR(__xludf.DUMMYFUNCTION("""COMPUTED_VALUE"""),0.0) -> 0 | R13: =IFERROR(__xludf.DUMMYFUNCTION("""COMPUTED_VALUE"""),1.0) -> 1 | S13: =IFERROR(__xludf.DUMMYFUNCTION("""COMPUTED_VALUE"""),18.0) -> 18 | T13: =IFERROR(__xludf.DUMMYFUNCTION("""COMPUTED_VALUE"""),18.0) -> 18 | U13: {=IF($D13="","",IFERROR(_xlfn.XLOOKUP($D13,'TIR店舗一覧'!$D:$D,'TIR店舗一覧'!$E:$E,""),""))} -> YD | V13: 0 | W13: 0 | X13: 0 | Y13: 0 | Z13: 0 | AA13: 18 | AB13: 0 | AC13: 0 | AD13: 0 | AE13: 0 | AF13: 0 | AG13: 18
B14: =IFERROR(__xludf.DUMMYFUNCTION("""COMPUTED_VALUE"""),46296.0) -> 46296 | C14: =IFERROR(__xludf.DUMMYFUNCTION("""COMPUTED_VALUE"""),"関東") -> 関東 | D14: =IFERROR(__xludf.DUMMYFUNCTION("""COMPUTED_VALUE"""),7691.0) -> 7691 | E14: =IFERROR(__xludf.DUMMYFUNCTION("""COMPUTED_VALUE"""),"テックランド横浜泉店") -> テックランド横浜泉店 | F14: =IFERROR(__xludf.DUMMYFUNCTION("""COMPUTED_VALUE"""),11.0) -> 11 | G14: =IFERROR(__xludf.DUMMYFUNCTION("""COMPUTED_VALUE"""),0.0) -> 0 | H14: =IFERROR(__xludf.DUMMYFUNCTION("""COMPUTED_VALUE"""),0.0) -> 0 | I14: =IFERROR(__xludf.DUMMYFUNCTION("""COMPUTED_VALUE"""),0.0) -> 0 | J14: =IFERROR(__xludf.DUMMYFUNCTION("""COMPUTED_VALUE"""),0.0) -> 0 | K14: =IFERROR(__xludf.DUMMYFUNCTION("""COMPUTED_VALUE"""),0.0) -> 0 | L14: =IFERROR(__xludf.DUMMYFUNCTION("""COMPUTED_VALUE"""),1.0) -> 1 | M14: =IFERROR(__xludf.DUMMYFUNCTION("""COMPUTED_VALUE"""),0.0) -> 0 | N14: =IFERROR(__xludf.DUMMYFUNCTION("""COMPUTED_VALUE"""),0.0) -> 0 | O14: =IFERROR(__xludf.DUMMYFUNCTION("""COMPUTED_VALUE"""),0.0) -> 0 | P14: =IFERROR(__xludf.DUMMYFUNCTION("""COMPUTED_VALUE"""),0.0) -> 0 | Q14: =IFERROR(__xludf.DUMMYFUNCTION("""COMPUTED_VALUE"""),0.0) -> 0 | R14: =IFERROR(__xludf.DUMMYFUNCTION("""COMPUTED_VALUE"""),1.0) -> 1 | S14: =IFERROR(__xludf.DUMMYFUNCTION("""COMPUTED_VALUE"""),11.0) -> 11 | T14: =IFERROR(__xludf.DUMMYFUNCTION("""COMPUTED_VALUE"""),11.0) -> 11 | U14: {=IF($D14="","",IFERROR(_xlfn.XLOOKUP($D14,'TIR店舗一覧'!$D:$D,'TIR店舗一覧'!$E:$E,""),""))} -> YD | V14: 0 | W14: 0 | X14: 0 | Y14: 0 | Z14: 0 | AA14: 11 | AB14: 0 | AC14: 0 | AD14: 0 | AE14: 0 | AF14: 0 | AG14: 11
B15: =IFERROR(__xludf.DUMMYFUNCTION("""COMPUTED_VALUE"""),46296.0) -> 46296 | C15: =IFERROR(__xludf.DUMMYFUNCTION("""COMPUTED_VALUE"""),"関東") -> 関東 | D15: =IFERROR(__xludf.DUMMYFUNCTION("""COMPUTED_VALUE"""),1026.0) -> 1026 | E15: =IFERROR(__xludf.DUMMYFUNCTION("""COMPUTED_VALUE"""),"テックランドイオンモール小山店") -> テックランドイオンモール小山店 | F15: =IFERROR(__xludf.DUMMYFUNCTION("""COMPUTED_VALUE"""),0.0) -> 0 | G15: =IFERROR(__xludf.DUMMYFUNCTION("""COMPUTED_VALUE"""),"-") -> - | H15: =IFERROR(__xludf.DUMMYFUNCTION("""COMPUTED_VALUE"""),"-") -> - | I15: =IFERROR(__xludf.DUMMYFUNCTION("""COMPUTED_VALUE"""),"-") -> - | J15: =IFERROR(__xludf.DUMMYFUNCTION("""COMPUTED_VALUE"""),"-") -> - | K15: =IFERROR(__xludf.DUMMYFUNCTION("""COMPUTED_VALUE"""),"-") -> - | L15: =IFERROR(__xludf.DUMMYFUNCTION("""COMPUTED_VALUE"""),"-") -> - | M15: =IFERROR(__xludf.DUMMYFUNCTION("""COMPUTED_VALUE"""),"-") -> - | N15: =IFERROR(__xludf.DUMMYFUNCTION("""COMPUTED_VALUE"""),"-") -> - | ... R15: =IFERROR(__xludf.DUMMYFUNCTION("""COMPUTED_VALUE"""),"-") -> - | S15: =IFERROR(__xludf.DUMMYFUNCTION("""COMPUTED_VALUE"""),0.0) -> 0 | T15: =IFERROR(__xludf.DUMMYFUNCTION("""COMPUTED_VALUE"""),0.0) -> 0 | U15: {=IF($D15="","",IFERROR(_xlfn.XLOOKUP($D15,'TIR店舗一覧'!$D:$D,'TIR店舗一覧'!$E:$E,""),""))} -> YD | V15: 0 | W15: 0 | X15: 0 | Y15: 0 | Z15: 0 | AA15: 0 | AB15: 0 | AC15: 0 | AD15: 0 | AE15: 0 | AF15: 0 | AG15: 0
B16: =IFERROR(__xludf.DUMMYFUNCTION("""COMPUTED_VALUE"""),46296.0) -> 46296 | C16: =IFERROR(__xludf.DUMMYFUNCTION("""COMPUTED_VALUE"""),"関東") -> 関東 | D16: =IFERROR(__xludf.DUMMYFUNCTION("""COMPUTED_VALUE"""),8626.0) -> 8626 | E16: =IFERROR(__xludf.DUMMYFUNCTION("""COMPUTED_VALUE"""),"テックランド 横須賀店") -> テックランド 横須賀店 | F16: =IFERROR(__xludf.DUMMYFUNCTION("""COMPUTED_VALUE"""),17.0) -> 17 | G16: =IFERROR(__xludf.DUMMYFUNCTION("""COMPUTED_VALUE"""),0.0) -> 0 | H16: =IFERROR(__xludf.DUMMYFUNCTION("""COMPUTED_VALUE"""),0.0) -> 0 | I16: =IFERROR(__xludf.DUMMYFUNCTION("""COMPUTED_VALUE"""),0.0) -> 0 | J16: =IFERROR(__xludf.DUMMYFUNCTION("""COMPUTED_VALUE"""),0.0) -> 0 | K16: =IFERROR(__xludf.DUMMYFUNCTION("""COMPUTED_VALUE"""),0.0) -> 0 | L16: =IFERROR(__xludf.DUMMYFUNCTION("""COMPUTED_VALUE"""),1.0) -> 1 | M16: =IFERROR(__xludf.DUMMYFUNCTION("""COMPUTED_VALUE"""),0.0) -> 0 | N16: =IFERROR(__xludf.DUMMYFUNCTION("""COMPUTED_VALUE"""),0.0) -> 0 | O16: =IFERROR(__xludf.DUMMYFUNCTION("""COMPUTED_VALUE"""),0.0) -> 0 | P16: =IFERROR(__xludf.DUMMYFUNCTION("""COMPUTED_VALUE"""),0.0) -> 0 | Q16: =IFERROR(__xludf.DUMMYFUNCTION("""COMPUTED_VALUE"""),0.0) -> 0 | R16: =IFERROR(__xludf.DUMMYFUNCTION("""COMPUTED_VALUE"""),1.0) -> 1 | S16: =IFERROR(__xludf.DUMMYFUNCTION("""COMPUTED_VALUE"""),17.0) -> 17 | T16: =IFERROR(__xludf.DUMMYFUNCTION("""COMPUTED_VALUE"""),17.0) -> 17 | U16: {=IF($D16="","",IFERROR(_xlfn.XLOOKUP($D16,'TIR店舗一覧'!$D:$D,'TIR店舗一覧'!$E:$E,""),""))} -> YD | V16: 0 | W16: 0 | X16: 0 | Y16: 0 | Z16: 0 | AA16: 17 | AB16: 0 | AC16: 0 | AD16: 0 | AE16: 0 | AF16: 0 | AG16: 17
B17: =IFERROR(__xludf.DUMMYFUNCTION("""COMPUTED_VALUE"""),46296.0) -> 46296 | C17: =IFERROR(__xludf.DUMMYFUNCTION("""COMPUTED_VALUE"""),"関東") -> 関東 | D17: =IFERROR(__xludf.DUMMYFUNCTION("""COMPUTED_VALUE"""),8855.0) -> 8855 | E17: =IFERROR(__xludf.DUMMYFUNCTION("""COMPUTED_VALUE"""),"テックランド 宇都宮インターパーク店") -> テックランド 宇都宮インターパーク店 | F17: =IFERROR(__xludf.DUMMYFUNCTION("""COMPUTED_VALUE"""),11.0) -> 11 | G17: =IFERROR(__xludf.DUMMYFUNCTION("""COMPUTED_VALUE"""),0.0) -> 0 | H17: =IFERROR(__xludf.DUMMYFUNCTION("""COMPUTED_VALUE"""),0.0) -> 0 | I17: =IFERROR(__xludf.DUMMYFUNCTION("""COMPUTED_VALUE"""),0.0) -> 0 | J17: =IFERROR(__xludf.DUMMYFUNCTION("""COMPUTED_VALUE"""),0.0) -> 0 | K17: =IFERROR(__xludf.DUMMYFUNCTION("""COMPUTED_VALUE"""),0.0) -> 0 | L17: =IFERROR(__xludf.DUMMYFUNCTION("""COMPUTED_VALUE"""),1.0) -> 1 | M17: =IFERROR(__xludf.DUMMYFUNCTION("""COMPUTED_VALUE"""),0.0) -> 0 | N17: =IFERROR(__xludf.DUMMYFUNCTION("""COMPUTED_VALUE"""),0.0) -> 0 | O17: =IFERROR(__xludf.DUMMYFUNCTION("""COMPUTED_VALUE"""),0.0) -> 0 | P17: =IFERROR(__xludf.DUMMYFUNCTION("""COMPUTED_VALUE"""),0.0) -> 0 | Q17: =IFERROR(__xludf.DUMMYFUNCTION("""COMPUTED_VALUE"""),0.0) -> 0 | R17: =IFERROR(__xludf.DUMMYFUNCTION("""COMPUTED_VALUE"""),1.0) -> 1 | S17: =IFERROR(__xludf.DUMMYFUNCTION("""COMPUTED_VALUE"""),11.0) -> 11 | T17: =IFERROR(__xludf.DUMMYFUNCTION("""COMPUTED_VALUE"""),11.0) -> 11 | U17: {=IF($D17="","",IFERROR(_xlfn.XLOOKUP($D17,'TIR店舗一覧'!$D:$D,'TIR店舗一覧'!$E:$E,""),""))} -> YD | V17: 0 | W17: 0 | X17: 0 | Y17: 0 | Z17: 0 | AA17: 11 | AB17: 0 | AC17: 0 | AD17: 0 | AE17: 0 | AF17: 0 | AG17: 11
B18: =IFERROR(__xludf.DUMMYFUNCTION("""COMPUTED_VALUE"""),46296.0) -> 46296 | C18: =IFERROR(__xludf.DUMMYFUNCTION("""COMPUTED_VALUE"""),"関東") -> 関東 | D18: =IFERROR(__xludf.DUMMYFUNCTION("""COMPUTED_VALUE"""),8956.0) -> 8956 | E18: =IFERROR(__xludf.DUMMYFUNCTION("""COMPUTED_VALUE"""),"ケーズデンキ 君津店") -> ケーズデンキ 君津店 | F18: =IFERROR(__xludf.DUMMYFUNCTION("""COMPUTED_VALUE"""),6.0) -> 6 | G18: =IFERROR(__xludf.DUMMYFUNCTION("""COMPUTED_VALUE"""),0.0) -> 0 | H18: =IFERROR(__xludf.DUMMYFUNCTION("""COMPUTED_VALUE"""),0.0) -> 0 | I18: =IFERROR(__xludf.DUMMYFUNCTION("""COMPUTED_VALUE"""),0.0) -> 0 | J18: =IFERROR(__xludf.DUMMYFUNCTION("""COMPUTED_VALUE"""),0.0) -> 0 | K18: =IFERROR(__xludf.DUMMYFUNCTION("""COMPUTED_VALUE"""),0.0) -> 0 | L18: =IFERROR(__xludf.DUMMYFUNCTION("""COMPUTED_VALUE"""),1.0) -> 1 | M18: =IFERROR(__xludf.DUMMYFUNCTION("""COMPUTED_VALUE"""),0.0) -> 0 | N18: =IFERROR(__xludf.DUMMYFUNCTION("""COMPUTED_VALUE"""),0.0) -> 0 | O18: =IFERROR(__xludf.DUMMYFUNCTION("""COMPUTED_VALUE"""),0.0) -> 0 | P18: =IFERROR(__xludf.DUMMYFUNCTION("""COMPUTED_VALUE"""),0.0) -> 0 | Q18: =IFERROR(__xludf.DUMMYFUNCTION("""COMPUTED_VALUE"""),0.0) -> 0 | R18: =IFERROR(__xludf.DUMMYFUNCTION("""COMPUTED_VALUE"""),1.0) -> 1 | S18: =IFERROR(__xludf.DUMMYFUNCTION("""COMPUTED_VALUE"""),6.0) -> 6 | T18: =IFERROR(__xludf.DUMMYFUNCTION("""COMPUTED_VALUE"""),6.0) -> 6 | U18: {=IF($D18="","",IFERROR(_xlfn.XLOOKUP($D18,'TIR店舗一覧'!$D:$D,'TIR店舗一覧'!$E:$E,""),""))} -> KS | V18: 0 | W18: 0 | X18: 0 | Y18: 0 | Z18: 0 | AA18: 6 | AB18: 0 | AC18: 0 | AD18: 0 | AE18: 0 | AF18: 0 | AG18: 6
B19: =IFERROR(__xludf.DUMMYFUNCTION("""COMPUTED_VALUE"""),46296.0) -> 46296 | C19: =IFERROR(__xludf.DUMMYFUNCTION("""COMPUTED_VALUE"""),"関東") -> 関東 | D19: =IFERROR(__xludf.DUMMYFUNCTION("""COMPUTED_VALUE"""),7671.0) -> 7671 | E19: =IFERROR(__xludf.DUMMYFUNCTION("""COMPUTED_VALUE"""),"Tecc LIFE SELECT 港北センター店") -> Tecc LIFE SELECT 港北センター店 | F19: =IFERROR(__xludf.DUMMYFUNCTION("""COMPUTED_VALUE"""),15.0) -> 15 | G19: =IFERROR(__xludf.DUMMYFUNCTION("""COMPUTED_VALUE"""),0.0) -> 0 | H19: =IFERROR(__xludf.DUMMYFUNCTION("""COMPUTED_VALUE"""),0.0) -> 0 | I19: =IFERROR(__xludf.DUMMYFUNCTION("""COMPUTED_VALUE"""),0.0) -> 0 | J19: =IFERROR(__xludf.DUMMYFUNCTION("""COMPUTED_VALUE"""),0.0) -> 0 | K19: =IFERROR(__xludf.DUMMYFUNCTION("""COMPUTED_VALUE"""),0.0) -> 0 | L19: =IFERROR(__xludf.DUMMYFUNCTION("""COMPUTED_VALUE"""),1.0) -> 1 | M19: =IFERROR(__xludf.DUMMYFUNCTION("""COMPUTED_VALUE"""),0.0) -> 0 | N19: =IFERROR(__xludf.DUMMYFUNCTION("""COMPUTED_VALUE"""),0.0) -> 0 | O19: =IFERROR(__xludf.DUMMYFUNCTION("""COMPUTED_VALUE"""),0.0) -> 0 | P19: =IFERROR(__xludf.DUMMYFUNCTION("""COMPUTED_VALUE"""),0.0) -> 0 | Q19: =IFERROR(__xludf.DUMMYFUNCTION("""COMPUTED_VALUE"""),0.0) -> 0 | R19: =IFERROR(__xludf.DUMMYFUNCTION("""COMPUTED_VALUE"""),1.0) -> 1 | S19: =IFERROR(__xludf.DUMMYFUNCTION("""COMPUTED_VALUE"""),15.0) -> 15 | T19: =IFERROR(__xludf.DUMMYFUNCTION("""COMPUTED_VALUE"""),15.0) -> 15 | U19: {=IF($D19="","",IFERROR(_xlfn.XLOOKUP($D19,'TIR店舗一覧'!$D:$D,'TIR店舗一覧'!$E:$E,""),""))} -> YD | V19: 0 | W19: 0 | X19: 0 | Y19: 0 | Z19: 0 | AA19: 15 | AB19: 0 | AC19: 0 | AD19: 0 | AE19: 0 | AF19: 0 | AG19: 15
B20: =IFERROR(__xludf.DUMMYFUNCTION("""COMPUTED_VALUE"""),46296.0) -> 46296 | C20: =IFERROR(__xludf.DUMMYFUNCTION("""COMPUTED_VALUE"""),"関東") -> 関東 | D20: =IFERROR(__xludf.DUMMYFUNCTION("""COMPUTED_VALUE"""),8848.0) -> 8848 | E20: =IFERROR(__xludf.DUMMYFUNCTION("""COMPUTED_VALUE"""),"Tecc LIFE SELECT ムサシ久喜菖蒲店") -> Tecc LIFE SELECT ムサシ久喜菖蒲店 | F20: =IFERROR(__xludf.DUMMYFUNCTION("""COMPUTED_VALUE"""),5.0) -> 5 | G20: =IFERROR(__xludf.DUMMYFUNCTION("""COMPUTED_VALUE"""),0.0) -> 0 | H20: =IFERROR(__xludf.DUMMYFUNCTION("""COMPUTED_VALUE"""),0.0) -> 0 | I20: =IFERROR(__xludf.DUMMYFUNCTION("""COMPUTED_VALUE"""),0.0) -> 0 | J20: =IFERROR(__xludf.DUMMYFUNCTION("""COMPUTED_VALUE"""),0.0) -> 0 | K20: =IFERROR(__xludf.DUMMYFUNCTION("""COMPUTED_VALUE"""),0.0) -> 0 | L20: =IFERROR(__xludf.DUMMYFUNCTION("""COMPUTED_VALUE"""),1.0) -> 1 | M20: =IFERROR(__xludf.DUMMYFUNCTION("""COMPUTED_VALUE"""),0.0) -> 0 | N20: =IFERROR(__xludf.DUMMYFUNCTION("""COMPUTED_VALUE"""),0.0) -> 0 | O20: =IFERROR(__xludf.DUMMYFUNCTION("""COMPUTED_VALUE"""),0.0) -> 0 | P20: =IFERROR(__xludf.DUMMYFUNCTION("""COMPUTED_VALUE"""),0.0) -> 0 | Q20: =IFERROR(__xludf.DUMMYFUNCTION("""COMPUTED_VALUE"""),0.0) -> 0 | R20: =IFERROR(__xludf.DUMMYFUNCTION("""COMPUTED_VALUE"""),1.0) -> 1 | S20: =IFERROR(__xludf.DUMMYFUNCTION("""COMPUTED_VALUE"""),5.0) -> 5 | T20: =IFERROR(__xludf.DUMMYFUNCTION("""COMPUTED_VALUE"""),5.0) -> 5 | U20: {=IF($D20="","",IFERROR(_xlfn.XLOOKUP($D20,'TIR店舗一覧'!$D:$D,'TIR店舗一覧'!$E:$E,""),""))} -> YD | V20: 0 | W20: 0 | X20: 0 | Y20: 0 | Z20: 0 | AA20: 5 | AB20: 0 | AC20: 0 | AD20: 0 | AE20: 0 | AF20: 0 | AG20: 5
B21: =IFERROR(__xludf.DUMMYFUNCTION("""COMPUTED_VALUE"""),46296.0) -> 46296 | C21: =IFERROR(__xludf.DUMMYFUNCTION("""COMPUTED_VALUE"""),"信越") -> 信越 | D21: =IFERROR(__xludf.DUMMYFUNCTION("""COMPUTED_VALUE"""),8424.0) -> 8424 | E21: =IFERROR(__xludf.DUMMYFUNCTION("""COMPUTED_VALUE"""),"テックランド 新潟錦町本店") -> テックランド 新潟錦町本店 | F21: =IFERROR(__xludf.DUMMYFUNCTION("""COMPUTED_VALUE"""),14.0) -> 14 | G21: =IFERROR(__xludf.DUMMYFUNCTION("""COMPUTED_VALUE"""),0.0) -> 0 | H21: =IFERROR(__xludf.DUMMYFUNCTION("""COMPUTED_VALUE"""),0.0) -> 0 | I21: =IFERROR(__xludf.DUMMYFUNCTION("""COMPUTED_VALUE"""),0.0) -> 0 | J21: =IFERROR(__xludf.DUMMYFUNCTION("""COMPUTED_VALUE"""),0.0) -> 0 | K21: =IFERROR(__xludf.DUMMYFUNCTION("""COMPUTED_VALUE"""),0.0) -> 0 | L21: =IFERROR(__xludf.DUMMYFUNCTION("""COMPUTED_VALUE"""),1.0) -> 1 | M21: =IFERROR(__xludf.DUMMYFUNCTION("""COMPUTED_VALUE"""),0.0) -> 0 | N21: =IFERROR(__xludf.DUMMYFUNCTION("""COMPUTED_VALUE"""),0.0) -> 0 | O21: =IFERROR(__xludf.DUMMYFUNCTION("""COMPUTED_VALUE"""),0.0) -> 0 | P21: =IFERROR(__xludf.DUMMYFUNCTION("""COMPUTED_VALUE"""),0.0) -> 0 | Q21: =IFERROR(__xludf.DUMMYFUNCTION("""COMPUTED_VALUE"""),0.0) -> 0 | R21: =IFERROR(__xludf.DUMMYFUNCTION("""COMPUTED_VALUE"""),1.0) -> 1 | S21: =IFERROR(__xludf.DUMMYFUNCTION("""COMPUTED_VALUE"""),14.0) -> 14 | T21: =IFERROR(__xludf.DUMMYFUNCTION("""COMPUTED_VALUE"""),14.0) -> 14 | U21: {=IF($D21="","",IFERROR(_xlfn.XLOOKUP($D21,'TIR店舗一覧'!$D:$D,'TIR店舗一覧'!$E:$E,""),""))} -> YD | V21: 0 | W21: 0 | X21: 0 | Y21: 0 | Z21: 0 | AA21: 14 | AB21: 0 | AC21: 0 | AD21: 0 | AE21: 0 | AF21: 0 | AG21: 14
B22: =IFERROR(__xludf.DUMMYFUNCTION("""COMPUTED_VALUE"""),46296.0) -> 46296 | C22: =IFERROR(__xludf.DUMMYFUNCTION("""COMPUTED_VALUE"""),"信越") -> 信越 | D22: =IFERROR(__xludf.DUMMYFUNCTION("""COMPUTED_VALUE"""),8453.0) -> 8453 | E22: =IFERROR(__xludf.DUMMYFUNCTION("""COMPUTED_VALUE"""),"テックランド 亀田店") -> テックランド 亀田店 | F22: =IFERROR(__xludf.DUMMYFUNCTION("""COMPUTED_VALUE"""),23.0) -> 23 | G22: =IFERROR(__xludf.DUMMYFUNCTION("""COMPUTED_VALUE"""),0.0) -> 0 | H22: =IFERROR(__xludf.DUMMYFUNCTION("""COMPUTED_VALUE"""),0.0) -> 0 | I22: =IFERROR(__xludf.DUMMYFUNCTION("""COMPUTED_VALUE"""),0.0) -> 0 | J22: =IFERROR(__xludf.DUMMYFUNCTION("""COMPUTED_VALUE"""),0.0) -> 0 | K22: =IFERROR(__xludf.DUMMYFUNCTION("""COMPUTED_VALUE"""),0.0) -> 0 | L22: =IFERROR(__xludf.DUMMYFUNCTION("""COMPUTED_VALUE"""),1.0) -> 1 | M22: =IFERROR(__xludf.DUMMYFUNCTION("""COMPUTED_VALUE"""),0.0) -> 0 | N22: =IFERROR(__xludf.DUMMYFUNCTION("""COMPUTED_VALUE"""),0.0) -> 0 | O22: =IFERROR(__xludf.DUMMYFUNCTION("""COMPUTED_VALUE"""),0.0) -> 0 | P22: =IFERROR(__xludf.DUMMYFUNCTION("""COMPUTED_VALUE"""),0.0) -> 0 | Q22: =IFERROR(__xludf.DUMMYFUNCTION("""COMPUTED_VALUE"""),0.0) -> 0 | R22: =IFERROR(__xludf.DUMMYFUNCTION("""COMPUTED_VALUE"""),1.0) -> 1 | S22: =IFERROR(__xludf.DUMMYFUNCTION("""COMPUTED_VALUE"""),23.0) -> 23 | T22: =IFERROR(__xludf.DUMMYFUNCTION("""COMPUTED_VALUE"""),23.0) -> 23 | U22: {=IF($D22="","",IFERROR(_xlfn.XLOOKUP($D22,'TIR店舗一覧'!$D:$D,'TIR店舗一覧'!$E:$E,""),""))} -> YD | V22: 0 | W22: 0 | X22: 0 | Y22: 0 | Z22: 0 | AA22: 23 | AB22: 0 | AC22: 0 | AD22: 0 | AE22: 0 | AF22: 0 | AG22: 23
B23: =IFERROR(__xludf.DUMMYFUNCTION("""COMPUTED_VALUE"""),46296.0) -> 46296 | C23: =IFERROR(__xludf.DUMMYFUNCTION("""COMPUTED_VALUE"""),"信越") -> 信越 | D23: =IFERROR(__xludf.DUMMYFUNCTION("""COMPUTED_VALUE"""),8924.0) -> 8924 | E23: =IFERROR(__xludf.DUMMYFUNCTION("""COMPUTED_VALUE"""),"テックランド そよら三条須頃店") -> テックランド そよら三条須頃店 | F23: =IFERROR(__xludf.DUMMYFUNCTION("""COMPUTED_VALUE"""),15.0) -> 15 | G23: =IFERROR(__xludf.DUMMYFUNCTION("""COMPUTED_VALUE"""),0.40569395017793597) -> 0.40569395 | H23: =IFERROR(__xludf.DUMMYFUNCTION("""COMPUTED_VALUE"""),0.1103202846975089) -> 0.11032028 | I23: =IFERROR(__xludf.DUMMYFUNCTION("""COMPUTED_VALUE"""),0.13167259786476868) -> 0.1316726 | J23: =IFERROR(__xludf.DUMMYFUNCTION("""COMPUTED_VALUE"""),0.1708185053380783) -> 0.17081851 | K23: =IFERROR(__xludf.DUMMYFUNCTION("""COMPUTED_VALUE"""),0.12811387900355872) -> 0.12811388 | L23: =IFERROR(__xludf.DUMMYFUNCTION("""COMPUTED_VALUE"""),0.05338078291814947) -> 0.053380783 | M23: =IFERROR(__xludf.DUMMYFUNCTION("""COMPUTED_VALUE"""),0.3855421686746988) -> 0.38554217 | N23: =IFERROR(__xludf.DUMMYFUNCTION("""COMPUTED_VALUE"""),0.10843373493975904) -> 0.10843373 | O23: =IFERROR(__xludf.DUMMYFUNCTION("""COMPUTED_VALUE"""),0.11646586345381527) -> 0.11646586 | P23: =IFERROR(__xludf.DUMMYFUNCTION("""COMPUTED_VALUE"""),0.1927710843373494) -> 0.19277108 | Q23: =IFERROR(__xludf.DUMMYFUNCTION("""COMPUTED_VALUE"""),0.13654618473895583) -> 0.13654618 | R23: =IFERROR(__xludf.DUMMYFUNCTION("""COMPUTED_VALUE"""),0.060240963855421686) -> 0.060240964 | S23: =IFERROR(__xludf.DUMMYFUNCTION("""COMPUTED_VALUE"""),281.0) -> 281 | T23: =IFERROR(__xludf.DUMMYFUNCTION("""COMPUTED_VALUE"""),249.0) -> 249 | U23: {=IF($D23="","",IFERROR(_xlfn.XLOOKUP($D23,'TIR店舗一覧'!$D:$D,'TIR店舗一覧'!$E:$E,""),""))} -> YD | V23: 114 | W23: 31 | X23: 37 | Y23: 48 | Z23: 36 | AA23: 15 | AB23: 96 | AC23: 27 | AD23: 29 | AE23: 48 | AF23: 34 | AG23: 15
B24: =IFERROR(__xludf.DUMMYFUNCTION("""COMPUTED_VALUE"""),46296.0) -> 46296 | C24: =IFERROR(__xludf.DUMMYFUNCTION("""COMPUTED_VALUE"""),"信越") -> 信越 | D24: =IFERROR(__xludf.DUMMYFUNCTION("""COMPUTED_VALUE"""),3721.0) -> 3721 | E24: =IFERROR(__xludf.DUMMYFUNCTION("""COMPUTED_VALUE"""),"ジョーシン 長岡愛宕店") -> ジョーシン 長岡愛宕店 | F24: =IFERROR(__xludf.DUMMYFUNCTION("""COMPUTED_VALUE"""),19.0) -> 19 | G24: =IFERROR(__xludf.DUMMYFUNCTION("""COMPUTED_VALUE"""),0.4576271186440678) -> 0.45762712 | H24: =IFERROR(__xludf.DUMMYFUNCTION("""COMPUTED_VALUE"""),0.14124293785310735) -> 0.14124294 | I24: =IFERROR(__xludf.DUMMYFUNCTION("""COMPUTED_VALUE"""),0.04519774011299435) -> 0.04519774 | J24: =IFERROR(__xludf.DUMMYFUNCTION("""COMPUTED_VALUE"""),0.1638418079096045) -> 0.16384181 | K24: =IFERROR(__xludf.DUMMYFUNCTION("""COMPUTED_VALUE"""),0.0847457627118644) -> 0.084745763 | L24: =IFERROR(__xludf.DUMMYFUNCTION("""COMPUTED_VALUE"""),0.10734463276836158) -> 0.10734463 | M24: =IFERROR(__xludf.DUMMYFUNCTION("""COMPUTED_VALUE"""),0.28703703703703703) -> 0.28703704 | N24: =IFERROR(__xludf.DUMMYFUNCTION("""COMPUTED_VALUE"""),0.12037037037037036) -> 0.12037037 | O24: =IFERROR(__xludf.DUMMYFUNCTION("""COMPUTED_VALUE"""),0.05555555555555555) -> 0.055555556 | P24: =IFERROR(__xludf.DUMMYFUNCTION("""COMPUTED_VALUE"""),0.23148148148148148) -> 0.23148148 | Q24: =IFERROR(__xludf.DUMMYFUNCTION("""COMPUTED_VALUE"""),0.12962962962962962) -> 0.12962963 | R24: =IFERROR(__xludf.DUMMYFUNCTION("""COMPUTED_VALUE"""),0.17592592592592593) -> 0.17592593 | S24: =IFERROR(__xludf.DUMMYFUNCTION("""COMPUTED_VALUE"""),177.0) -> 177 | T24: =IFERROR(__xludf.DUMMYFUNCTION("""COMPUTED_VALUE"""),108.0) -> 108 | U24: {=IF($D24="","",IFERROR(_xlfn.XLOOKUP($D24,'TIR店舗一覧'!$D:$D,'TIR店舗一覧'!$E:$E,""),""))} -> JO | V24: 81 | W24: 25 | X24: 8 | Y24: 29 | Z24: 15 | AA24: 19 | AB24: 31 | AC24: 13 | AD24: 6 | AE24: 25 | AF24: 14 | AG24: 19
B25: =IFERROR(__xludf.DUMMYFUNCTION("""COMPUTED_VALUE"""),46296.0) -> 46296 | C25: =IFERROR(__xludf.DUMMYFUNCTION("""COMPUTED_VALUE"""),"信越") -> 信越 | D25: =IFERROR(__xludf.DUMMYFUNCTION("""COMPUTED_VALUE"""),2471.0) -> 2471 | E25: =IFERROR(__xludf.DUMMYFUNCTION("""COMPUTED_VALUE"""),"ジョーシン 上越店") -> ジョーシン 上越店 | F25: =IFERROR(__xludf.DUMMYFUNCTION("""COMPUTED_VALUE"""),23.0) -> 23 | G25: =IFERROR(__xludf.DUMMYFUNCTION("""COMPUTED_VALUE"""),0.47023809523809523) -> 0.4702381 | H25: =IFERROR(__xludf.DUMMYFUNCTION("""COMPUTED_VALUE"""),0.08928571428571429) -> 0.089285714 | I25: =IFERROR(__xludf.DUMMYFUNCTION("""COMPUTED_VALUE"""),0.041666666666666664) -> 0.041666667 | J25: =IFERROR(__xludf.DUMMYFUNCTION("""COMPUTED_VALUE"""),0.13690476190476192) -> 0.13690476 | K25: =IFERROR(__xludf.DUMMYFUNCTION("""COMPUTED_VALUE"""),0.125) -> 0.125 | L25: =IFERROR(__xludf.DUMMYFUNCTION("""COMPUTED_VALUE"""),0.13690476190476192) -> 0.13690476 | M25: =IFERROR(__xludf.DUMMYFUNCTION("""COMPUTED_VALUE"""),0.2916666666666667) -> 0.29166667 | N25: =IFERROR(__xludf.DUMMYFUNCTION("""COMPUTED_VALUE"""),0.09166666666666666) -> 0.091666667 | O25: =IFERROR(__xludf.DUMMYFUNCTION("""COMPUTED_VALUE"""),0.058333333333333334) -> 0.058333333 | P25: =IFERROR(__xludf.DUMMYFUNCTION("""COMPUTED_VALUE"""),0.19166666666666668) -> 0.19166667 | Q25: =IFERROR(__xludf.DUMMYFUNCTION("""COMPUTED_VALUE"""),0.175) -> 0.175 | R25: =IFERROR(__xludf.DUMMYFUNCTION("""COMPUTED_VALUE"""),0.19166666666666668) -> 0.19166667 | S25: =IFERROR(__xludf.DUMMYFUNCTION("""COMPUTED_VALUE"""),168.0) -> 168 | T25: =IFERROR(__xludf.DUMMYFUNCTION("""COMPUTED_VALUE"""),120.0) -> 120 | U25: {=IF($D25="","",IFERROR(_xlfn.XLOOKUP($D25,'TIR店舗一覧'!$D:$D,'TIR店舗一覧'!$E:$E,""),""))} -> JO | V25: 79 | W25: 15 | X25: 7 | Y25: 23 | Z25: 21 | AA25: 23 | AB25: 35 | AC25: 11 | AD25: 7 | AE25: 23 | AF25: 21 | AG25: 23
B26: =IFERROR(__xludf.DUMMYFUNCTION("""COMPUTED_VALUE"""),46296.0) -> 46296 | C26: =IFERROR(__xludf.DUMMYFUNCTION("""COMPUTED_VALUE"""),"信越") -> 信越 | D26: =IFERROR(__xludf.DUMMYFUNCTION("""COMPUTED_VALUE"""),1611.0) -> 1611 | E26: =IFERROR(__xludf.DUMMYFUNCTION("""COMPUTED_VALUE"""),"ジョーシン 亀貝店") -> ジョーシン 亀貝店 | F26: =IFERROR(__xludf.DUMMYFUNCTION("""COMPUTED_VALUE"""),36.0) -> 36 | G26: =IFERROR(__xludf.DUMMYFUNCTION("""COMPUTED_VALUE"""),0.3891625615763547) -> 0.38916256 | H26: =IFERROR(__xludf.DUMMYFUNCTION("""COMPUTED_VALUE"""),0.0960591133004926) -> 0.096059113 | I26: =IFERROR(__xludf.DUMMYFUNCTION("""COMPUTED_VALUE"""),0.059113300492610835) -> 0.0591133 | J26: =IFERROR(__xludf.DUMMYFUNCTION("""COMPUTED_VALUE"""),0.1625615763546798) -> 0.16256158 | K26: =IFERROR(__xludf.DUMMYFUNCTION("""COMPUTED_VALUE"""),0.2044334975369458) -> 0.2044335 | L26: =IFERROR(__xludf.DUMMYFUNCTION("""COMPUTED_VALUE"""),0.08866995073891626) -> 0.088669951 | M26: =IFERROR(__xludf.DUMMYFUNCTION("""COMPUTED_VALUE"""),0.3241590214067278) -> 0.32415902 | N26: =IFERROR(__xludf.DUMMYFUNCTION("""COMPUTED_VALUE"""),0.07339449541284404) -> 0.073394495 | O26: =IFERROR(__xludf.DUMMYFUNCTION("""COMPUTED_VALUE"""),0.06422018348623854) -> 0.064220183 | P26: =IFERROR(__xludf.DUMMYFUNCTION("""COMPUTED_VALUE"""),0.19877675840978593) -> 0.19877676 | Q26: =IFERROR(__xludf.DUMMYFUNCTION("""COMPUTED_VALUE"""),0.22935779816513763) -> 0.2293578 | R26: =IFERROR(__xludf.DUMMYFUNCTION("""COMPUTED_VALUE"""),0.11009174311926606) -> 0.11009174 | S26: =IFERROR(__xludf.DUMMYFUNCTION("""COMPUTED_VALUE"""),406.0) -> 406 | T26: =IFERROR(__xludf.DUMMYFUNCTION("""COMPUTED_VALUE"""),327.0) -> 327 | U26: {=IF($D26="","",IFERROR(_xlfn.XLOOKUP($D26,'TIR店舗一覧'!$D:$D,'TIR店舗一覧'!$E:$E,""),""))} -> JO | V26: 158 | W26: 39 | X26: 24 | Y26: 66 | Z26: 83 | AA26: 36 | AB26: 106 | AC26: 24 | AD26: 21 | AE26: 65 | AF26: 75 | AG26: 36
B27: =IFERROR(__xludf.DUMMYFUNCTION("""COMPUTED_VALUE"""),46296.0) -> 46296 | C27: =IFERROR(__xludf.DUMMYFUNCTION("""COMPUTED_VALUE"""),"信越") -> 信越 | D27: =IFERROR(__xludf.DUMMYFUNCTION("""COMPUTED_VALUE"""),3221.0) -> 3221 | E27: =IFERROR(__xludf.DUMMYFUNCTION("""COMPUTED_VALUE"""),"ジョーシン 燕三条店") -> ジョーシン 燕三条店 | F27: =IFERROR(__xludf.DUMMYFUNCTION("""COMPUTED_VALUE"""),20.0) -> 20 | G27: =IFERROR(__xludf.DUMMYFUNCTION("""COMPUTED_VALUE"""),0.4578313253012048) -> 0.45783133 | H27: =IFERROR(__xludf.DUMMYFUNCTION("""COMPUTED_VALUE"""),0.03614457831325301) -> 0.036144578 | I27: =IFERROR(__xludf.DUMMYFUNCTION("""COMPUTED_VALUE"""),0.0) -> 0 | J27: =IFERROR(__xludf.DUMMYFUNCTION("""COMPUTED_VALUE"""),0.08433734939759036) -> 0.084337349 | K27: =IFERROR(__xludf.DUMMYFUNCTION("""COMPUTED_VALUE"""),0.18072289156626506) -> 0.18072289 | L27: =IFERROR(__xludf.DUMMYFUNCTION("""COMPUTED_VALUE"""),0.24096385542168675) -> 0.24096386 | M27: =IFERROR(__xludf.DUMMYFUNCTION("""COMPUTED_VALUE"""),0.36363636363636365) -> 0.36363636 | N27: =IFERROR(__xludf.DUMMYFUNCTION("""COMPUTED_VALUE"""),0.045454545454545456) -> 0.045454545 | O27: =IFERROR(__xludf.DUMMYFUNCTION("""COMPUTED_VALUE"""),0.0) -> 0 | P27: =IFERROR(__xludf.DUMMYFUNCTION("""COMPUTED_VALUE"""),0.10606060606060606) -> 0.10606061 | Q27: =IFERROR(__xludf.DUMMYFUNCTION("""COMPUTED_VALUE"""),0.18181818181818182) -> 0.18181818 | R27: =IFERROR(__xludf.DUMMYFUNCTION("""COMPUTED_VALUE"""),0.30303030303030304) -> 0.3030303 | S27: =IFERROR(__xludf.DUMMYFUNCTION("""COMPUTED_VALUE"""),83.0) -> 83 | T27: =IFERROR(__xludf.DUMMYFUNCTION("""COMPUTED_VALUE"""),66.0) -> 66 | U27: {=IF($D27="","",IFERROR(_xlfn.XLOOKUP($D27,'TIR店舗一覧'!$D:$D,'TIR店舗一覧'!$E:$E,""),""))} -> JO | V27: 38 | W27: 3 | X27: 0 | Y27: 7 | Z27: 15 | AA27: 20 | AB27: 24 | AC27: 3 | AD27: 0 | AE27: 7 | AF27: 12 | AG27: 20
B28: =IFERROR(__xludf.DUMMYFUNCTION("""COMPUTED_VALUE"""),46296.0) -> 46296 | C28: =IFERROR(__xludf.DUMMYFUNCTION("""COMPUTED_VALUE"""),"信越") -> 信越 | D28: =IFERROR(__xludf.DUMMYFUNCTION("""COMPUTED_VALUE"""),1238.0) -> 1238 | E28: =IFERROR(__xludf.DUMMYFUNCTION("""COMPUTED_VALUE"""),"ケーズデンキ 上越インター店") -> ケーズデンキ 上越インター店 | F28: =IFERROR(__xludf.DUMMYFUNCTION("""COMPUTED_VALUE"""),20.0) -> 20 | G28: =IFERROR(__xludf.DUMMYFUNCTION("""COMPUTED_VALUE"""),0.0) -> 0 | H28: =IFERROR(__xludf.DUMMYFUNCTION("""COMPUTED_VALUE"""),0.0) -> 0 | I28: =IFERROR(__xludf.DUMMYFUNCTION("""COMPUTED_VALUE"""),0.0) -> 0 | J28: =IFERROR(__xludf.DUMMYFUNCTION("""COMPUTED_VALUE"""),0.0) -> 0 | K28: =IFERROR(__xludf.DUMMYFUNCTION("""COMPUTED_VALUE"""),0.0) -> 0 | L28: =IFERROR(__xludf.DUMMYFUNCTION("""COMPUTED_VALUE"""),1.0) -> 1 | M28: =IFERROR(__xludf.DUMMYFUNCTION("""COMPUTED_VALUE"""),0.0) -> 0 | N28: =IFERROR(__xludf.DUMMYFUNCTION("""COMPUTED_VALUE"""),0.0) -> 0 | O28: =IFERROR(__xludf.DUMMYFUNCTION("""COMPUTED_VALUE"""),0.0) -> 0 | P28: =IFERROR(__xludf.DUMMYFUNCTION("""COMPUTED_VALUE"""),0.0) -> 0 | Q28: =IFERROR(__xludf.DUMMYFUNCTION("""COMPUTED_VALUE"""),0.0) -> 0 | R28: =IFERROR(__xludf.DUMMYFUNCTION("""COMPUTED_VALUE"""),1.0) -> 1 | S28: =IFERROR(__xludf.DUMMYFUNCTION("""COMPUTED_VALUE"""),20.0) -> 20 | T28: =IFERROR(__xludf.DUMMYFUNCTION("""COMPUTED_VALUE"""),20.0) -> 20 | U28: {=IF($D28="","",IFERROR(_xlfn.XLOOKUP($D28,'TIR店舗一覧'!$D:$D,'TIR店舗一覧'!$E:$E,""),""))} -> KS | V28: 0 | W28: 0 | X28: 0 | Y28: 0 | Z28: 0 | AA28: 20 | AB28: 0 | AC28: 0 | AD28: 0 | AE28: 0 | AF28: 0 | AG28: 20
B29: =IFERROR(__xludf.DUMMYFUNCTION("""COMPUTED_VALUE"""),46296.0) -> 46296 | C29: =IFERROR(__xludf.DUMMYFUNCTION("""COMPUTED_VALUE"""),"信越") -> 信越 | D29: =IFERROR(__xludf.DUMMYFUNCTION("""COMPUTED_VALUE"""),1505.0) -> 1505 | E29: =IFERROR(__xludf.DUMMYFUNCTION("""COMPUTED_VALUE"""),"ケーズデンキ 女池インター本店") -> ケーズデンキ 女池インター本店 | F29: =IFERROR(__xludf.DUMMYFUNCTION("""COMPUTED_VALUE"""),32.0) -> 32 | G29: =IFERROR(__xludf.DUMMYFUNCTION("""COMPUTED_VALUE"""),0.0) -> 0 | H29: =IFERROR(__xludf.DUMMYFUNCTION("""COMPUTED_VALUE"""),0.0) -> 0 | I29: =IFERROR(__xludf.DUMMYFUNCTION("""COMPUTED_VALUE"""),0.0) -> 0 | J29: =IFERROR(__xludf.DUMMYFUNCTION("""COMPUTED_VALUE"""),0.0) -> 0 | K29: =IFERROR(__xludf.DUMMYFUNCTION("""COMPUTED_VALUE"""),0.0) -> 0 | L29: =IFERROR(__xludf.DUMMYFUNCTION("""COMPUTED_VALUE"""),1.0) -> 1 | M29: =IFERROR(__xludf.DUMMYFUNCTION("""COMPUTED_VALUE"""),0.0) -> 0 | N29: =IFERROR(__xludf.DUMMYFUNCTION("""COMPUTED_VALUE"""),0.0) -> 0 | O29: =IFERROR(__xludf.DUMMYFUNCTION("""COMPUTED_VALUE"""),0.0) -> 0 | P29: =IFERROR(__xludf.DUMMYFUNCTION("""COMPUTED_VALUE"""),0.0) -> 0 | Q29: =IFERROR(__xludf.DUMMYFUNCTION("""COMPUTED_VALUE"""),0.0) -> 0 | R29: =IFERROR(__xludf.DUMMYFUNCTION("""COMPUTED_VALUE"""),1.0) -> 1 | S29: =IFERROR(__xludf.DUMMYFUNCTION("""COMPUTED_VALUE"""),32.0) -> 32 | T29: =IFERROR(__xludf.DUMMYFUNCTION("""COMPUTED_VALUE"""),32.0) -> 32 | U29: {=IF($D29="","",IFERROR(_xlfn.XLOOKUP($D29,'TIR店舗一覧'!$D:$D,'TIR店舗一覧'!$E:$E,""),""))} -> KS | V29: 0 | W29: 0 | X29: 0 | Y29: 0 | Z29: 0 | AA29: 32 | AB29: 0 | AC29: 0 | AD29: 0 | AE29: 0 | AF29: 0 | AG29: 32
B30: =IFERROR(__xludf.DUMMYFUNCTION("""COMPUTED_VALUE"""),46296.0) -> 46296 | C30: =IFERROR(__xludf.DUMMYFUNCTION("""COMPUTED_VALUE"""),"信越") -> 信越 | D30: =IFERROR(__xludf.DUMMYFUNCTION("""COMPUTED_VALUE"""),1036.0) -> 1036 | E30: =IFERROR(__xludf.DUMMYFUNCTION("""COMPUTED_VALUE"""),"エディオン 塩尻店") -> エディオン 塩尻店 | F30: =IFERROR(__xludf.DUMMYFUNCTION("""COMPUTED_VALUE"""),24.0) -> 24 | G30: =IFERROR(__xludf.DUMMYFUNCTION("""COMPUTED_VALUE"""),0.0) -> 0 | H30: =IFERROR(__xludf.DUMMYFUNCTION("""COMPUTED_VALUE"""),0.0) -> 0 | I30: =IFERROR(__xludf.DUMMYFUNCTION("""COMPUTED_VALUE"""),0.0) -> 0 | J30: =IFERROR(__xludf.DUMMYFUNCTION("""COMPUTED_VALUE"""),0.0) -> 0 | K30: =IFERROR(__xludf.DUMMYFUNCTION("""COMPUTED_VALUE"""),0.0) -> 0 | L30: =IFERROR(__xludf.DUMMYFUNCTION("""COMPUTED_VALUE"""),1.0) -> 1 | M30: =IFERROR(__xludf.DUMMYFUNCTION("""COMPUTED_VALUE"""),0.0) -> 0 | N30: =IFERROR(__xludf.DUMMYFUNCTION("""COMPUTED_VALUE"""),0.0) -> 0 | O30: =IFERROR(__xludf.DUMMYFUNCTION("""COMPUTED_VALUE"""),0.0) -> 0 | P30: =IFERROR(__xludf.DUMMYFUNCTION("""COMPUTED_VALUE"""),0.0) -> 0 | Q30: =IFERROR(__xludf.DUMMYFUNCTION("""COMPUTED_VALUE"""),0.0) -> 0 | R30: =IFERROR(__xludf.DUMMYFUNCTION("""COMPUTED_VALUE"""),1.0) -> 1 | S30: =IFERROR(__xludf.DUMMYFUNCTION("""COMPUTED_VALUE"""),24.0) -> 24 | T30: =IFERROR(__xludf.DUMMYFUNCTION("""COMPUTED_VALUE"""),24.0) -> 24 | U30: {=IF($D30="","",IFERROR(_xlfn.XLOOKUP($D30,'TIR店舗一覧'!$D:$D,'TIR店舗一覧'!$E:$E,""),""))} -> ED | V30: 0 | W30: 0 | X30: 0 | Y30: 0 | Z30: 0 | AA30: 24 | AB30: 0 | AC30: 0 | AD30: 0 | AE30: 0 | AF30: 0 | AG30: 24
B31: =IFERROR(__xludf.DUMMYFUNCTION("""COMPUTED_VALUE"""),46296.0) -> 46296 | C31: =IFERROR(__xludf.DUMMYFUNCTION("""COMPUTED_VALUE"""),"信越") -> 信越 | D31: =IFERROR(__xludf.DUMMYFUNCTION("""COMPUTED_VALUE"""),7850.0) -> 7850 | E31: =IFERROR(__xludf.DUMMYFUNCTION("""COMPUTED_VALUE"""),"YAMADA web.com 長岡店") -> YAMADA web.com 長岡店 | F31: =IFERROR(__xludf.DUMMYFUNCTION("""COMPUTED_VALUE"""),31.0) -> 31 | G31: =IFERROR(__xludf.DUMMYFUNCTION("""COMPUTED_VALUE"""),0.2623762376237624) -> 0.26237624 | H31: =IFERROR(__xludf.DUMMYFUNCTION("""COMPUTED_VALUE"""),0.0594059405940594) -> 0.059405941 | I31: =IFERROR(__xludf.DUMMYFUNCTION("""COMPUTED_VALUE"""),0.12871287128712872) -> 0.12871287 | J31: =IFERROR(__xludf.DUMMYFUNCTION("""COMPUTED_VALUE"""),0.1188118811881188) -> 0.11881188 | K31: =IFERROR(__xludf.DUMMYFUNCTION("""COMPUTED_VALUE"""),0.27722772277227725) -> 0.27722772 | L31: =IFERROR(__xludf.DUMMYFUNCTION("""COMPUTED_VALUE"""),0.15346534653465346) -> 0.15346535 | M31: =IFERROR(__xludf.DUMMYFUNCTION("""COMPUTED_VALUE"""),0.2303370786516854) -> 0.23033708 | N31: =IFERROR(__xludf.DUMMYFUNCTION("""COMPUTED_VALUE"""),0.06179775280898876) -> 0.061797753 | O31: =IFERROR(__xludf.DUMMYFUNCTION("""COMPUTED_VALUE"""),0.10674157303370786) -> 0.10674157 | P31: =IFERROR(__xludf.DUMMYFUNCTION("""COMPUTED_VALUE"""),0.12359550561797752) -> 0.12359551 | Q31: =IFERROR(__xludf.DUMMYFUNCTION("""COMPUTED_VALUE"""),0.30337078651685395) -> 0.30337079 | R31: =IFERROR(__xludf.DUMMYFUNCTION("""COMPUTED_VALUE"""),0.17415730337078653) -> 0.1741573 | S31: =IFERROR(__xludf.DUMMYFUNCTION("""COMPUTED_VALUE"""),202.0) -> 202 | T31: =IFERROR(__xludf.DUMMYFUNCTION("""COMPUTED_VALUE"""),178.0) -> 178 | U31: {=IF($D31="","",IFERROR(_xlfn.XLOOKUP($D31,'TIR店舗一覧'!$D:$D,'TIR店舗一覧'!$E:$E,""),""))} -> YD | V31: 53 | W31: 12 | X31: 26 | Y31: 24 | Z31: 56 | AA31: 31 | AB31: 41 | AC31: 11 | AD31: 19 | AE31: 22 | AF31: 54 | AG31: 31
B32: =IFERROR(__xludf.DUMMYFUNCTION("""COMPUTED_VALUE"""),46296.0) -> 46296 | C32: =IFERROR(__xludf.DUMMYFUNCTION("""COMPUTED_VALUE"""),"信越") -> 信越 | D32: =IFERROR(__xludf.DUMMYFUNCTION("""COMPUTED_VALUE"""),7822.0) -> 7822 | E32: =IFERROR(__xludf.DUMMYFUNCTION("""COMPUTED_VALUE"""),"Tecc LIFE SELECT 長野SBC通り店") -> Tecc LIFE SELECT 長野SBC通り店 | F32: =IFERROR(__xludf.DUMMYFUNCTION("""COMPUTED_VALUE"""),27.0) -> 27 | G32: =IFERROR(__xludf.DUMMYFUNCTION("""COMPUTED_VALUE"""),0.21727019498607242) -> 0.21727019 | H32: =IFERROR(__xludf.DUMMYFUNCTION("""COMPUTED_VALUE"""),0.10584958217270195) -> 0.10584958 | I32: =IFERROR(__xludf.DUMMYFUNCTION("""COMPUTED_VALUE"""),0.2618384401114206) -> 0.26183844 | J32: =IFERROR(__xludf.DUMMYFUNCTION("""COMPUTED_VALUE"""),0.11977715877437325) -> 0.11977716 | K32: =IFERROR(__xludf.DUMMYFUNCTION("""COMPUTED_VALUE"""),0.2200557103064067) -> 0.22005571 | L32: =IFERROR(__xludf.DUMMYFUNCTION("""COMPUTED_VALUE"""),0.07520891364902507) -> 0.075208914 | M32: =IFERROR(__xludf.DUMMYFUNCTION("""COMPUTED_VALUE"""),0.17846153846153845) -> 0.17846154 | N32: =IFERROR(__xludf.DUMMYFUNCTION("""COMPUTED_VALUE"""),0.11384615384615385) -> 0.11384615 | O32: =IFERROR(__xludf.DUMMYFUNCTION("""COMPUTED_VALUE"""),0.24923076923076923) -> 0.24923077 | P32: =IFERROR(__xludf.DUMMYFUNCTION("""COMPUTED_VALUE"""),0.13230769230769232) -> 0.13230769 | Q32: =IFERROR(__xludf.DUMMYFUNCTION("""COMPUTED_VALUE"""),0.24307692307692308) -> 0.24307692 | R32: =IFERROR(__xludf.DUMMYFUNCTION("""COMPUTED_VALUE"""),0.08307692307692308) -> 0.083076923 | S32: =IFERROR(__xludf.DUMMYFUNCTION("""COMPUTED_VALUE"""),359.0) -> 359 | T32: =IFERROR(__xludf.DUMMYFUNCTION("""COMPUTED_VALUE"""),325.0) -> 325 | U32: {=IF($D32="","",IFERROR(_xlfn.XLOOKUP($D32,'TIR店舗一覧'!$D:$D,'TIR店舗一覧'!$E:$E,""),""))} -> YD | V32: 78 | W32: 38 | X32: 94 | Y32: 43 | Z32: 79 | AA32: 27 | AB32: 58 | AC32: 37 | AD32: 81 | AE32: 43 | AF32: 79 | AG32: 27
B33: =IFERROR(__xludf.DUMMYFUNCTION("""COMPUTED_VALUE"""),46296.0) -> 46296 | C33: =IFERROR(__xludf.DUMMYFUNCTION("""COMPUTED_VALUE"""),"信越") -> 信越 | D33: =IFERROR(__xludf.DUMMYFUNCTION("""COMPUTED_VALUE"""),8633.0) -> 8633 | E33: =IFERROR(__xludf.DUMMYFUNCTION("""COMPUTED_VALUE"""),"Tecc LIFE SELECT 須坂店") -> Tecc LIFE SELECT 須坂店 | F33: =IFERROR(__xludf.DUMMYFUNCTION("""COMPUTED_VALUE"""),"-") -> - | G33: =IFERROR(__xludf.DUMMYFUNCTION("""COMPUTED_VALUE"""),"-") -> - | H33: =IFERROR(__xludf.DUMMYFUNCTION("""COMPUTED_VALUE"""),"-") -> - | I33: =IFERROR(__xludf.DUMMYFUNCTION("""COMPUTED_VALUE"""),"-") -> - | J33: =IFERROR(__xludf.DUMMYFUNCTION("""COMPUTED_VALUE"""),"-") -> - | K33: =IFERROR(__xludf.DUMMYFUNCTION("""COMPUTED_VALUE"""),"-") -> - | L33: =IFERROR(__xludf.DUMMYFUNCTION("""COMPUTED_VALUE"""),"-") -> - | M33: =IFERROR(__xludf.DUMMYFUNCTION("""COMPUTED_VALUE"""),"-") -> - | ... T33: =IFERROR(__xludf.DUMMYFUNCTION("""COMPUTED_VALUE"""),"-") -> - | U33: {=IF($D33="","",IFERROR(_xlfn.XLOOKUP($D33,'TIR店舗一覧'!$D:$D,'TIR店舗一覧'!$E:$E,""),""))} -> YD | V33: 0 | W33: 0 | X33: 0 | Y33: 0 | Z33: 0 | AA33: 0 | AB33: 0 | AC33: 0 | AD33: 0 | AE33: 0 | AF33: 0 | AG33: 0
B34: =IFERROR(__xludf.DUMMYFUNCTION("""COMPUTED_VALUE"""),46296.0) -> 46296 | C34: =IFERROR(__xludf.DUMMYFUNCTION("""COMPUTED_VALUE"""),"信越") -> 信越 | D34: =IFERROR(__xludf.DUMMYFUNCTION("""COMPUTED_VALUE"""),8371.0) -> 8371 | E34: =IFERROR(__xludf.DUMMYFUNCTION("""COMPUTED_VALUE"""),"Tecc LIFE SELECT 松本本店") -> Tecc LIFE SELECT 松本本店 | F34: =IFERROR(__xludf.DUMMYFUNCTION("""COMPUTED_VALUE"""),0.0) -> 0 | G34: =IFERROR(__xludf.DUMMYFUNCTION("""COMPUTED_VALUE"""),"-") -> - | H34: =IFERROR(__xludf.DUMMYFUNCTION("""COMPUTED_VALUE"""),"-") -> - | I34: =IFERROR(__xludf.DUMMYFUNCTION("""COMPUTED_VALUE"""),"-") -> - | J34: =IFERROR(__xludf.DUMMYFUNCTION("""COMPUTED_VALUE"""),"-") -> - | K34: =IFERROR(__xludf.DUMMYFUNCTION("""COMPUTED_VALUE"""),"-") -> - | L34: =IFERROR(__xludf.DUMMYFUNCTION("""COMPUTED_VALUE"""),"-") -> - | M34: =IFERROR(__xludf.DUMMYFUNCTION("""COMPUTED_VALUE"""),"-") -> - | N34: =IFERROR(__xludf.DUMMYFUNCTION("""COMPUTED_VALUE"""),"-") -> - | ... R34: =IFERROR(__xludf.DUMMYFUNCTION("""COMPUTED_VALUE"""),"-") -> - | S34: =IFERROR(__xludf.DUMMYFUNCTION("""COMPUTED_VALUE"""),0.0) -> 0 | T34: =IFERROR(__xludf.DUMMYFUNCTION("""COMPUTED_VALUE"""),0.0) -> 0 | U34: {=IF($D34="","",IFERROR(_xlfn.XLOOKUP($D34,'TIR店舗一覧'!$D:$D,'TIR店舗一覧'!$E:$E,""),""))} -> YD | V34: 0 | W34: 0 | X34: 0 | Y34: 0 | Z34: 0 | AA34: 0 | AB34: 0 | AC34: 0 | AD34: 0 | AE34: 0 | AF34: 0 | AG34: 0
B35: =IFERROR(__xludf.DUMMYFUNCTION("""COMPUTED_VALUE"""),46327.0) -> 46327 | C35: =IFERROR(__xludf.DUMMYFUNCTION("""COMPUTED_VALUE"""),"北海道") -> 北海道 | D35: =IFERROR(__xludf.DUMMYFUNCTION("""COMPUTED_VALUE"""),8327.0) -> 8327 | E35: =IFERROR(__xludf.DUMMYFUNCTION("""COMPUTED_VALUE"""),"ケーズデンキ 北見店") -> ケーズデンキ 北見店 | F35: =IFERROR(__xludf.DUMMYFUNCTION("""COMPUTED_VALUE"""),37.0) -> 37 | G35: =IFERROR(__xludf.DUMMYFUNCTION("""COMPUTED_VALUE"""),0.0) -> 0 | H35: =IFERROR(__xludf.DUMMYFUNCTION("""COMPUTED_VALUE"""),0.0) -> 0 | I35: =IFERROR(__xludf.DUMMYFUNCTION("""COMPUTED_VALUE"""),0.0) -> 0 | J35: =IFERROR(__xludf.DUMMYFUNCTION("""COMPUTED_VALUE"""),0.0) -> 0 | K35: =IFERROR(__xludf.DUMMYFUNCTION("""COMPUTED_VALUE"""),0.0) -> 0 | L35: =IFERROR(__xludf.DUMMYFUNCTION("""COMPUTED_VALUE"""),1.0) -> 1 | M35: =IFERROR(__xludf.DUMMYFUNCTION("""COMPUTED_VALUE"""),0.0) -> 0 | N35: =IFERROR(__xludf.DUMMYFUNCTION("""COMPUTED_VALUE"""),0.0) -> 0 | O35: =IFERROR(__xludf.DUMMYFUNCTION("""COMPUTED_VALUE"""),0.0) -> 0 | P35: =IFERROR(__xludf.DUMMYFUNCTION("""COMPUTED_VALUE"""),0.0) -> 0 | Q35: =IFERROR(__xludf.DUMMYFUNCTION("""COMPUTED_VALUE"""),0.0) -> 0 | R35: =IFERROR(__xludf.DUMMYFUNCTION("""COMPUTED_VALUE"""),1.0) -> 1 | S35: =IFERROR(__xludf.DUMMYFUNCTION("""COMPUTED_VALUE"""),37.0) -> 37 | T35: =IFERROR(__xludf.DUMMYFUNCTION("""COMPUTED_VALUE"""),37.0) -> 37 | U35: {=IF($D35="","",IFERROR(_xlfn.XLOOKUP($D35,'TIR店舗一覧'!$D:$D,'TIR店舗一覧'!$E:$E,""),""))} -> KS | V35: 0 | W35: 0 | X35: 0 | Y35: 0 | Z35: 0 | AA35: 37 | AB35: 0 | AC35: 0 | AD35: 0 | AE35: 0 | AF35: 0 | AG35: 37
B36: =IFERROR(__xludf.DUMMYFUNCTION("""COMPUTED_VALUE"""),46327.0) -> 46327 | C36: =IFERROR(__xludf.DUMMYFUNCTION("""COMPUTED_VALUE"""),"北海道") -> 北海道 | D36: =IFERROR(__xludf.DUMMYFUNCTION("""COMPUTED_VALUE"""),8359.0) -> 8359 | E36: =IFERROR(__xludf.DUMMYFUNCTION("""COMPUTED_VALUE"""),"ケーズデンキ 平岸店") -> ケーズデンキ 平岸店 | F36: =IFERROR(__xludf.DUMMYFUNCTION("""COMPUTED_VALUE"""),41.0) -> 41 | G36: =IFERROR(__xludf.DUMMYFUNCTION("""COMPUTED_VALUE"""),0.0) -> 0 | H36: =IFERROR(__xludf.DUMMYFUNCTION("""COMPUTED_VALUE"""),0.0) -> 0 | I36: =IFERROR(__xludf.DUMMYFUNCTION("""COMPUTED_VALUE"""),0.0) -> 0 | J36: =IFERROR(__xludf.DUMMYFUNCTION("""COMPUTED_VALUE"""),0.0) -> 0 | K36: =IFERROR(__xludf.DUMMYFUNCTION("""COMPUTED_VALUE"""),0.0) -> 0 | L36: =IFERROR(__xludf.DUMMYFUNCTION("""COMPUTED_VALUE"""),1.0) -> 1 | M36: =IFERROR(__xludf.DUMMYFUNCTION("""COMPUTED_VALUE"""),0.0) -> 0 | N36: =IFERROR(__xludf.DUMMYFUNCTION("""COMPUTED_VALUE"""),0.0) -> 0 | O36: =IFERROR(__xludf.DUMMYFUNCTION("""COMPUTED_VALUE"""),0.0) -> 0 | P36: =IFERROR(__xludf.DUMMYFUNCTION("""COMPUTED_VALUE"""),0.0) -> 0 | Q36: =IFERROR(__xludf.DUMMYFUNCTION("""COMPUTED_VALUE"""),0.0) -> 0 | R36: =IFERROR(__xludf.DUMMYFUNCTION("""COMPUTED_VALUE"""),1.0) -> 1 | S36: =IFERROR(__xludf.DUMMYFUNCTION("""COMPUTED_VALUE"""),41.0) -> 41 | T36: =IFERROR(__xludf.DUMMYFUNCTION("""COMPUTED_VALUE"""),41.0) -> 41 | U36: {=IF($D36="","",IFERROR(_xlfn.XLOOKUP($D36,'TIR店舗一覧'!$D:$D,'TIR店舗一覧'!$E:$E,""),""))} -> KS | V36: 0 | W36: 0 | X36: 0 | Y36: 0 | Z36: 0 | AA36: 41 | AB36: 0 | AC36: 0 | AD36: 0 | AE36: 0 | AF36: 0 | AG36: 41
B37: =IFERROR(__xludf.DUMMYFUNCTION("""COMPUTED_VALUE"""),46327.0) -> 46327 | C37: =IFERROR(__xludf.DUMMYFUNCTION("""COMPUTED_VALUE"""),"北海道") -> 北海道 | D37: =IFERROR(__xludf.DUMMYFUNCTION("""COMPUTED_VALUE"""),8358.0) -> 8358 | E37: =IFERROR(__xludf.DUMMYFUNCTION("""COMPUTED_VALUE"""),"ケーズデンキ 発寒店") -> ケーズデンキ 発寒店 | F37: =IFERROR(__xludf.DUMMYFUNCTION("""COMPUTED_VALUE"""),53.0) -> 53 | G37: =IFERROR(__xludf.DUMMYFUNCTION("""COMPUTED_VALUE"""),0.0) -> 0 | H37: =IFERROR(__xludf.DUMMYFUNCTION("""COMPUTED_VALUE"""),0.0) -> 0 | I37: =IFERROR(__xludf.DUMMYFUNCTION("""COMPUTED_VALUE"""),0.0) -> 0 | J37: =IFERROR(__xludf.DUMMYFUNCTION("""COMPUTED_VALUE"""),0.0) -> 0 | K37: =IFERROR(__xludf.DUMMYFUNCTION("""COMPUTED_VALUE"""),0.0) -> 0 | L37: =IFERROR(__xludf.DUMMYFUNCTION("""COMPUTED_VALUE"""),1.0) -> 1 | M37: =IFERROR(__xludf.DUMMYFUNCTION("""COMPUTED_VALUE"""),0.0) -> 0 | N37: =IFERROR(__xludf.DUMMYFUNCTION("""COMPUTED_VALUE"""),0.0) -> 0 | O37: =IFERROR(__xludf.DUMMYFUNCTION("""COMPUTED_VALUE"""),0.0) -> 0 | P37: =IFERROR(__xludf.DUMMYFUNCTION("""COMPUTED_VALUE"""),0.0) -> 0 | Q37: =IFERROR(__xludf.DUMMYFUNCTION("""COMPUTED_VALUE"""),0.0) -> 0 | R37: =IFERROR(__xludf.DUMMYFUNCTION("""COMPUTED_VALUE"""),1.0) -> 1 | S37: =IFERROR(__xludf.DUMMYFUNCTION("""COMPUTED_VALUE"""),53.0) -> 53 | T37: =IFERROR(__xludf.DUMMYFUNCTION("""COMPUTED_VALUE"""),53.0) -> 53 | U37: {=IF($D37="","",IFERROR(_xlfn.XLOOKUP($D37,'TIR店舗一覧'!$D:$D,'TIR店舗一覧'!$E:$E,""),""))} -> KS | V37: 0 | W37: 0 | X37: 0 | Y37: 0 | Z37: 0 | AA37: 53 | AB37: 0 | AC37: 0 | AD37: 0 | AE37: 0 | AF37: 0 | AG37: 53
B38: =IFERROR(__xludf.DUMMYFUNCTION("""COMPUTED_VALUE"""),46327.0) -> 46327 | C38: =IFERROR(__xludf.DUMMYFUNCTION("""COMPUTED_VALUE"""),"北海道") -> 北海道 | D38: =IFERROR(__xludf.DUMMYFUNCTION("""COMPUTED_VALUE"""),8363.0) -> 8363 | E38: =IFERROR(__xludf.DUMMYFUNCTION("""COMPUTED_VALUE"""),"ケーズデンキ 室蘭モルエ店") -> ケーズデンキ 室蘭モルエ店 | F38: =IFERROR(__xludf.DUMMYFUNCTION("""COMPUTED_VALUE"""),25.0) -> 25 | G38: =IFERROR(__xludf.DUMMYFUNCTION("""COMPUTED_VALUE"""),0.0) -> 0 | H38: =IFERROR(__xludf.DUMMYFUNCTION("""COMPUTED_VALUE"""),0.0) -> 0 | I38: =IFERROR(__xludf.DUMMYFUNCTION("""COMPUTED_VALUE"""),0.0) -> 0 | J38: =IFERROR(__xludf.DUMMYFUNCTION("""COMPUTED_VALUE"""),0.0) -> 0 | K38: =IFERROR(__xludf.DUMMYFUNCTION("""COMPUTED_VALUE"""),0.0) -> 0 | L38: =IFERROR(__xludf.DUMMYFUNCTION("""COMPUTED_VALUE"""),1.0) -> 1 | M38: =IFERROR(__xludf.DUMMYFUNCTION("""COMPUTED_VALUE"""),0.0) -> 0 | N38: =IFERROR(__xludf.DUMMYFUNCTION("""COMPUTED_VALUE"""),0.0) -> 0 | O38: =IFERROR(__xludf.DUMMYFUNCTION("""COMPUTED_VALUE"""),0.0) -> 0 | P38: =IFERROR(__xludf.DUMMYFUNCTION("""COMPUTED_VALUE"""),0.0) -> 0 | Q38: =IFERROR(__xludf.DUMMYFUNCTION("""COMPUTED_VALUE"""),0.0) -> 0 | R38: =IFERROR(__xludf.DUMMYFUNCTION("""COMPUTED_VALUE"""),1.0) -> 1 | S38: =IFERROR(__xludf.DUMMYFUNCTION("""COMPUTED_VALUE"""),25.0) -> 25 | T38: =IFERROR(__xludf.DUMMYFUNCTION("""COMPUTED_VALUE"""),25.0) -> 25 | U38: {=IF($D38="","",IFERROR(_xlfn.XLOOKUP($D38,'TIR店舗一覧'!$D:$D,'TIR店舗一覧'!$E:$E,""),""))} -> KS | V38: 0 | W38: 0 | X38: 0 | Y38: 0 | Z38: 0 | AA38: 25 | AB38: 0 | AC38: 0 | AD38: 0 | AE38: 0 | AF38: 0 | AG38: 25
B39: =IFERROR(__xludf.DUMMYFUNCTION("""COMPUTED_VALUE"""),46327.0) -> 46327 | C39: =IFERROR(__xludf.DUMMYFUNCTION("""COMPUTED_VALUE"""),"北海道") -> 北海道 | D39: =IFERROR(__xludf.DUMMYFUNCTION("""COMPUTED_VALUE"""),8326.0) -> 8326 | E39: =IFERROR(__xludf.DUMMYFUNCTION("""COMPUTED_VALUE"""),"ケーズデンキ 釧路本店") -> ケーズデンキ 釧路本店 | F39: =IFERROR(__xludf.DUMMYFUNCTION("""COMPUTED_VALUE"""),21.0) -> 21 | G39: =IFERROR(__xludf.DUMMYFUNCTION("""COMPUTED_VALUE"""),0.0) -> 0 | H39: =IFERROR(__xludf.DUMMYFUNCTION("""COMPUTED_VALUE"""),0.0) -> 0 | I39: =IFERROR(__xludf.DUMMYFUNCTION("""COMPUTED_VALUE"""),0.0) -> 0 | J39: =IFERROR(__xludf.DUMMYFUNCTION("""COMPUTED_VALUE"""),0.0) -> 0 | K39: =IFERROR(__xludf.DUMMYFUNCTION("""COMPUTED_VALUE"""),0.0) -> 0 | L39: =IFERROR(__xludf.DUMMYFUNCTION("""COMPUTED_VALUE"""),1.0) -> 1 | M39: =IFERROR(__xludf.DUMMYFUNCTION("""COMPUTED_VALUE"""),0.0) -> 0 | N39: =IFERROR(__xludf.DUMMYFUNCTION("""COMPUTED_VALUE"""),0.0) -> 0 | O39: =IFERROR(__xludf.DUMMYFUNCTION("""COMPUTED_VALUE"""),0.0) -> 0 | P39: =IFERROR(__xludf.DUMMYFUNCTION("""COMPUTED_VALUE"""),0.0) -> 0 | Q39: =IFERROR(__xludf.DUMMYFUNCTION("""COMPUTED_VALUE"""),0.0) -> 0 | R39: =IFERROR(__xludf.DUMMYFUNCTION("""COMPUTED_VALUE"""),1.0) -> 1 | S39: =IFERROR(__xludf.DUMMYFUNCTION("""COMPUTED_VALUE"""),21.0) -> 21 | T39: =IFERROR(__xludf.DUMMYFUNCTION("""COMPUTED_VALUE"""),21.0) -> 21 | U39: {=IF($D39="","",IFERROR(_xlfn.XLOOKUP($D39,'TIR店舗一覧'!$D:$D,'TIR店舗一覧'!$E:$E,""),""))} -> KS | V39: 0 | W39: 0 | X39: 0 | Y39: 0 | Z39: 0 | AA39: 21 | AB39: 0 | AC39: 0 | AD39: 0 | AE39: 0 | AF39: 0 | AG39: 21
B40: =IFERROR(__xludf.DUMMYFUNCTION("""COMPUTED_VALUE"""),46327.0) -> 46327 | C40: =IFERROR(__xludf.DUMMYFUNCTION("""COMPUTED_VALUE"""),"北海道") -> 北海道 | D40: =IFERROR(__xludf.DUMMYFUNCTION("""COMPUTED_VALUE"""),7071.0) -> 7071 | E40: =IFERROR(__xludf.DUMMYFUNCTION("""COMPUTED_VALUE"""),"ケーズデンキ インターヴィレッジ大曲店") -> ケーズデンキ インターヴィレッジ大曲店 | F40: =IFERROR(__xludf.DUMMYFUNCTION("""COMPUTED_VALUE"""),23.0) -> 23 | G40: =IFERROR(__xludf.DUMMYFUNCTION("""COMPUTED_VALUE"""),0.0) -> 0 | H40: =IFERROR(__xludf.DUMMYFUNCTION("""COMPUTED_VALUE"""),0.0) -> 0 | I40: =IFERROR(__xludf.DUMMYFUNCTION("""COMPUTED_VALUE"""),0.0) -> 0 | J40: =IFERROR(__xludf.DUMMYFUNCTION("""COMPUTED_VALUE"""),0.0) -> 0 | K40: =IFERROR(__xludf.DUMMYFUNCTION("""COMPUTED_VALUE"""),0.0) -> 0 | L40: =IFERROR(__xludf.DUMMYFUNCTION("""COMPUTED_VALUE"""),1.0) -> 1 | M40: =IFERROR(__xludf.DUMMYFUNCTION("""COMPUTED_VALUE"""),0.0) -> 0 | N40: =IFERROR(__xludf.DUMMYFUNCTION("""COMPUTED_VALUE"""),0.0) -> 0 | O40: =IFERROR(__xludf.DUMMYFUNCTION("""COMPUTED_VALUE"""),0.0) -> 0 | P40: =IFERROR(__xludf.DUMMYFUNCTION("""COMPUTED_VALUE"""),0.0) -> 0 | Q40: =IFERROR(__xludf.DUMMYFUNCTION("""COMPUTED_VALUE"""),0.0) -> 0 | R40: =IFERROR(__xludf.DUMMYFUNCTION("""COMPUTED_VALUE"""),1.0) -> 1 | S40: =IFERROR(__xludf.DUMMYFUNCTION("""COMPUTED_VALUE"""),23.0) -> 23 | T40: =IFERROR(__xludf.DUMMYFUNCTION("""COMPUTED_VALUE"""),23.0) -> 23 | U40: {=IF($D40="","",IFERROR(_xlfn.XLOOKUP($D40,'TIR店舗一覧'!$D:$D,'TIR店舗一覧'!$E:$E,""),""))} -> KS | V40: 0 | W40: 0 | X40: 0 | Y40: 0 | Z40: 0 | AA40: 23 | AB40: 0 | AC40: 0 | AD40: 0 | AE40: 0 | AF40: 0 | AG40: 23
B41: =IFERROR(__xludf.DUMMYFUNCTION("""COMPUTED_VALUE"""),46327.0) -> 46327 | C41: =IFERROR(__xludf.DUMMYFUNCTION("""COMPUTED_VALUE"""),"北海道") -> 北海道 | D41: =IFERROR(__xludf.DUMMYFUNCTION("""COMPUTED_VALUE"""),8903.0) -> 8903 | E41: =IFERROR(__xludf.DUMMYFUNCTION("""COMPUTED_VALUE"""),"エディオン 旭川豊岡店") -> エディオン 旭川豊岡店 | F41: =IFERROR(__xludf.DUMMYFUNCTION("""COMPUTED_VALUE"""),23.0) -> 23 | G41: =IFERROR(__xludf.DUMMYFUNCTION("""COMPUTED_VALUE"""),0.0) -> 0 | H41: =IFERROR(__xludf.DUMMYFUNCTION("""COMPUTED_VALUE"""),0.0) -> 0 | I41: =IFERROR(__xludf.DUMMYFUNCTION("""COMPUTED_VALUE"""),0.0) -> 0 | J41: =IFERROR(__xludf.DUMMYFUNCTION("""COMPUTED_VALUE"""),0.0) -> 0 | K41: =IFERROR(__xludf.DUMMYFUNCTION("""COMPUTED_VALUE"""),0.0) -> 0 | L41: =IFERROR(__xludf.DUMMYFUNCTION("""COMPUTED_VALUE"""),1.0) -> 1 | M41: =IFERROR(__xludf.DUMMYFUNCTION("""COMPUTED_VALUE"""),0.0) -> 0 | N41: =IFERROR(__xludf.DUMMYFUNCTION("""COMPUTED_VALUE"""),0.0) -> 0 | O41: =IFERROR(__xludf.DUMMYFUNCTION("""COMPUTED_VALUE"""),0.0) -> 0 | P41: =IFERROR(__xludf.DUMMYFUNCTION("""COMPUTED_VALUE"""),0.0) -> 0 | Q41: =IFERROR(__xludf.DUMMYFUNCTION("""COMPUTED_VALUE"""),0.0) -> 0 | R41: =IFERROR(__xludf.DUMMYFUNCTION("""COMPUTED_VALUE"""),1.0) -> 1 | S41: =IFERROR(__xludf.DUMMYFUNCTION("""COMPUTED_VALUE"""),23.0) -> 23 | T41: =IFERROR(__xludf.DUMMYFUNCTION("""COMPUTED_VALUE"""),23.0) -> 23 | U41: {=IF($D41="","",IFERROR(_xlfn.XLOOKUP($D41,'TIR店舗一覧'!$D:$D,'TIR店舗一覧'!$E:$E,""),""))} -> ED | V41: 0 | W41: 0 | X41: 0 | Y41: 0 | Z41: 0 | AA41: 23 | AB41: 0 | AC41: 0 | AD41: 0 | AE41: 0 | AF41: 0 | AG41: 23
B42: =IFERROR(__xludf.DUMMYFUNCTION("""COMPUTED_VALUE"""),46327.0) -> 46327 | C42: =IFERROR(__xludf.DUMMYFUNCTION("""COMPUTED_VALUE"""),"東北") -> 東北 | D42: =IFERROR(__xludf.DUMMYFUNCTION("""COMPUTED_VALUE"""),1058.0) -> 1058 | E42: =IFERROR(__xludf.DUMMYFUNCTION("""COMPUTED_VALUE"""),"ケーズデンキ 利府店") -> ケーズデンキ 利府店 | F42: =IFERROR(__xludf.DUMMYFUNCTION("""COMPUTED_VALUE"""),21.0) -> 21 | G42: =IFERROR(__xludf.DUMMYFUNCTION("""COMPUTED_VALUE"""),0.0) -> 0 | H42: =IFERROR(__xludf.DUMMYFUNCTION("""COMPUTED_VALUE"""),0.0) -> 0 | I42: =IFERROR(__xludf.DUMMYFUNCTION("""COMPUTED_VALUE"""),0.0) -> 0 | J42: =IFERROR(__xludf.DUMMYFUNCTION("""COMPUTED_VALUE"""),0.0) -> 0 | K42: =IFERROR(__xludf.DUMMYFUNCTION("""COMPUTED_VALUE"""),0.0) -> 0 | L42: =IFERROR(__xludf.DUMMYFUNCTION("""COMPUTED_VALUE"""),1.0) -> 1 | M42: =IFERROR(__xludf.DUMMYFUNCTION("""COMPUTED_VALUE"""),0.0) -> 0 | N42: =IFERROR(__xludf.DUMMYFUNCTION("""COMPUTED_VALUE"""),0.0) -> 0 | O42: =IFERROR(__xludf.DUMMYFUNCTION("""COMPUTED_VALUE"""),0.0) -> 0 | P42: =IFERROR(__xludf.DUMMYFUNCTION("""COMPUTED_VALUE"""),0.0) -> 0 | Q42: =IFERROR(__xludf.DUMMYFUNCTION("""COMPUTED_VALUE"""),0.0) -> 0 | R42: =IFERROR(__xludf.DUMMYFUNCTION("""COMPUTED_VALUE"""),1.0) -> 1 | S42: =IFERROR(__xludf.DUMMYFUNCTION("""COMPUTED_VALUE"""),21.0) -> 21 | T42: =IFERROR(__xludf.DUMMYFUNCTION("""COMPUTED_VALUE"""),21.0) -> 21 | U42: {=IF($D42="","",IFERROR(_xlfn.XLOOKUP($D42,'TIR店舗一覧'!$D:$D,'TIR店舗一覧'!$E:$E,""),""))} -> KS | V42: 0 | W42: 0 | X42: 0 | Y42: 0 | Z42: 0 | AA42: 21 | AB42: 0 | AC42: 0 | AD42: 0 | AE42: 0 | AF42: 0 | AG42: 21
B43: =IFERROR(__xludf.DUMMYFUNCTION("""COMPUTED_VALUE"""),46327.0) -> 46327 | C43: =IFERROR(__xludf.DUMMYFUNCTION("""COMPUTED_VALUE"""),"東北") -> 東北 | D43: =IFERROR(__xludf.DUMMYFUNCTION("""COMPUTED_VALUE"""),1226.0) -> 1226 | E43: =IFERROR(__xludf.DUMMYFUNCTION("""COMPUTED_VALUE"""),"ケーズデンキ 米沢店") -> ケーズデンキ 米沢店 | F43: =IFERROR(__xludf.DUMMYFUNCTION("""COMPUTED_VALUE"""),36.0) -> 36 | G43: =IFERROR(__xludf.DUMMYFUNCTION("""COMPUTED_VALUE"""),0.0) -> 0 | H43: =IFERROR(__xludf.DUMMYFUNCTION("""COMPUTED_VALUE"""),0.0) -> 0 | I43: =IFERROR(__xludf.DUMMYFUNCTION("""COMPUTED_VALUE"""),0.0) -> 0 | J43: =IFERROR(__xludf.DUMMYFUNCTION("""COMPUTED_VALUE"""),0.0) -> 0 | K43: =IFERROR(__xludf.DUMMYFUNCTION("""COMPUTED_VALUE"""),0.0) -> 0 | L43: =IFERROR(__xludf.DUMMYFUNCTION("""COMPUTED_VALUE"""),1.0) -> 1 | M43: =IFERROR(__xludf.DUMMYFUNCTION("""COMPUTED_VALUE"""),0.0) -> 0 | N43: =IFERROR(__xludf.DUMMYFUNCTION("""COMPUTED_VALUE"""),0.0) -> 0 | O43: =IFERROR(__xludf.DUMMYFUNCTION("""COMPUTED_VALUE"""),0.0) -> 0 | P43: =IFERROR(__xludf.DUMMYFUNCTION("""COMPUTED_VALUE"""),0.0) -> 0 | Q43: =IFERROR(__xludf.DUMMYFUNCTION("""COMPUTED_VALUE"""),0.0) -> 0 | R43: =IFERROR(__xludf.DUMMYFUNCTION("""COMPUTED_VALUE"""),1.0) -> 1 | S43: =IFERROR(__xludf.DUMMYFUNCTION("""COMPUTED_VALUE"""),36.0) -> 36 | T43: =IFERROR(__xludf.DUMMYFUNCTION("""COMPUTED_VALUE"""),36.0) -> 36 | U43: {=IF($D43="","",IFERROR(_xlfn.XLOOKUP($D43,'TIR店舗一覧'!$D:$D,'TIR店舗一覧'!$E:$E,""),""))} -> KS | V43: 0 | W43: 0 | X43: 0 | Y43: 0 | Z43: 0 | AA43: 36 | AB43: 0 | AC43: 0 | AD43: 0 | AE43: 0 | AF43: 0 | AG43: 36
B44: =IFERROR(__xludf.DUMMYFUNCTION("""COMPUTED_VALUE"""),46327.0) -> 46327 | C44: =IFERROR(__xludf.DUMMYFUNCTION("""COMPUTED_VALUE"""),"東北") -> 東北 | D44: =IFERROR(__xludf.DUMMYFUNCTION("""COMPUTED_VALUE"""),4221.0) -> 4221 | E44: =IFERROR(__xludf.DUMMYFUNCTION("""COMPUTED_VALUE"""),"ケーズデンキ 福島南本店") -> ケーズデンキ 福島南本店 | F44: =IFERROR(__xludf.DUMMYFUNCTION("""COMPUTED_VALUE"""),30.0) -> 30 | G44: =IFERROR(__xludf.DUMMYFUNCTION("""COMPUTED_VALUE"""),0.0) -> 0 | H44: =IFERROR(__xludf.DUMMYFUNCTION("""COMPUTED_VALUE"""),0.0) -> 0 | I44: =IFERROR(__xludf.DUMMYFUNCTION("""COMPUTED_VALUE"""),0.0) -> 0 | J44: =IFERROR(__xludf.DUMMYFUNCTION("""COMPUTED_VALUE"""),0.0) -> 0 | K44: =IFERROR(__xludf.DUMMYFUNCTION("""COMPUTED_VALUE"""),0.0) -> 0 | L44: =IFERROR(__xludf.DUMMYFUNCTION("""COMPUTED_VALUE"""),1.0) -> 1 | M44: =IFERROR(__xludf.DUMMYFUNCTION("""COMPUTED_VALUE"""),0.0) -> 0 | N44: =IFERROR(__xludf.DUMMYFUNCTION("""COMPUTED_VALUE"""),0.0) -> 0 | O44: =IFERROR(__xludf.DUMMYFUNCTION("""COMPUTED_VALUE"""),0.0) -> 0 | P44: =IFERROR(__xludf.DUMMYFUNCTION("""COMPUTED_VALUE"""),0.0) -> 0 | Q44: =IFERROR(__xludf.DUMMYFUNCTION("""COMPUTED_VALUE"""),0.0) -> 0 | R44: =IFERROR(__xludf.DUMMYFUNCTION("""COMPUTED_VALUE"""),1.0) -> 1 | S44: =IFERROR(__xludf.DUMMYFUNCTION("""COMPUTED_VALUE"""),30.0) -> 30 | T44: =IFERROR(__xludf.DUMMYFUNCTION("""COMPUTED_VALUE"""),30.0) -> 30 | U44: {=IF($D44="","",IFERROR(_xlfn.XLOOKUP($D44,'TIR店舗一覧'!$D:$D,'TIR店舗一覧'!$E:$E,""),""))} -> KS | V44: 0 | W44: 0 | X44: 0 | Y44: 0 | Z44: 0 | AA44: 30 | AB44: 0 | AC44: 0 | AD44: 0 | AE44: 0 | AF44: 0 | AG44: 30
B45: =IFERROR(__xludf.DUMMYFUNCTION("""COMPUTED_VALUE"""),46327.0) -> 46327 | C45: =IFERROR(__xludf.DUMMYFUNCTION("""COMPUTED_VALUE"""),"東北") -> 東北 | D45: =IFERROR(__xludf.DUMMYFUNCTION("""COMPUTED_VALUE"""),1224.0) -> 1224 | E45: =IFERROR(__xludf.DUMMYFUNCTION("""COMPUTED_VALUE"""),"ケーズデンキ 白河店") -> ケーズデンキ 白河店 | F45: =IFERROR(__xludf.DUMMYFUNCTION("""COMPUTED_VALUE"""),15.0) -> 15 | G45: =IFERROR(__xludf.DUMMYFUNCTION("""COMPUTED_VALUE"""),0.0) -> 0 | H45: =IFERROR(__xludf.DUMMYFUNCTION("""COMPUTED_VALUE"""),0.0) -> 0 | I45: =IFERROR(__xludf.DUMMYFUNCTION("""COMPUTED_VALUE"""),0.0) -> 0 | J45: =IFERROR(__xludf.DUMMYFUNCTION("""COMPUTED_VALUE"""),0.0) -> 0 | K45: =IFERROR(__xludf.DUMMYFUNCTION("""COMPUTED_VALUE"""),0.0) -> 0 | L45: =IFERROR(__xludf.DUMMYFUNCTION("""COMPUTED_VALUE"""),1.0) -> 1 | M45: =IFERROR(__xludf.DUMMYFUNCTION("""COMPUTED_VALUE"""),0.0) -> 0 | N45: =IFERROR(__xludf.DUMMYFUNCTION("""COMPUTED_VALUE"""),0.0) -> 0 | O45: =IFERROR(__xludf.DUMMYFUNCTION("""COMPUTED_VALUE"""),0.0) -> 0 | P45: =IFERROR(__xludf.DUMMYFUNCTION("""COMPUTED_VALUE"""),0.0) -> 0 | Q45: =IFERROR(__xludf.DUMMYFUNCTION("""COMPUTED_VALUE"""),0.0) -> 0 | R45: =IFERROR(__xludf.DUMMYFUNCTION("""COMPUTED_VALUE"""),1.0) -> 1 | S45: =IFERROR(__xludf.DUMMYFUNCTION("""COMPUTED_VALUE"""),15.0) -> 15 | T45: =IFERROR(__xludf.DUMMYFUNCTION("""COMPUTED_VALUE"""),15.0) -> 15 | U45: {=IF($D45="","",IFERROR(_xlfn.XLOOKUP($D45,'TIR店舗一覧'!$D:$D,'TIR店舗一覧'!$E:$E,""),""))} -> KS | V45: 0 | W45: 0 | X45: 0 | Y45: 0 | Z45: 0 | AA45: 15 | AB45: 0 | AC45: 0 | AD45: 0 | AE45: 0 | AF45: 0 | AG45: 15
B46: =IFERROR(__xludf.DUMMYFUNCTION("""COMPUTED_VALUE"""),46327.0) -> 46327 | C46: =IFERROR(__xludf.DUMMYFUNCTION("""COMPUTED_VALUE"""),"東北") -> 東北 | D46: =IFERROR(__xludf.DUMMYFUNCTION("""COMPUTED_VALUE"""),3991.0) -> 3991 | E46: =IFERROR(__xludf.DUMMYFUNCTION("""COMPUTED_VALUE"""),"ケーズデンキ 東仙台店") -> ケーズデンキ 東仙台店 | F46: =IFERROR(__xludf.DUMMYFUNCTION("""COMPUTED_VALUE"""),38.0) -> 38 | G46: =IFERROR(__xludf.DUMMYFUNCTION("""COMPUTED_VALUE"""),0.0) -> 0 | H46: =IFERROR(__xludf.DUMMYFUNCTION("""COMPUTED_VALUE"""),0.0) -> 0 | I46: =IFERROR(__xludf.DUMMYFUNCTION("""COMPUTED_VALUE"""),0.0) -> 0 | J46: =IFERROR(__xludf.DUMMYFUNCTION("""COMPUTED_VALUE"""),0.0) -> 0 | K46: =IFERROR(__xludf.DUMMYFUNCTION("""COMPUTED_VALUE"""),0.0) -> 0 | L46: =IFERROR(__xludf.DUMMYFUNCTION("""COMPUTED_VALUE"""),1.0) -> 1 | M46: =IFERROR(__xludf.DUMMYFUNCTION("""COMPUTED_VALUE"""),0.0) -> 0 | N46: =IFERROR(__xludf.DUMMYFUNCTION("""COMPUTED_VALUE"""),0.0) -> 0 | O46: =IFERROR(__xludf.DUMMYFUNCTION("""COMPUTED_VALUE"""),0.0) -> 0 | P46: =IFERROR(__xludf.DUMMYFUNCTION("""COMPUTED_VALUE"""),0.0) -> 0 | Q46: =IFERROR(__xludf.DUMMYFUNCTION("""COMPUTED_VALUE"""),0.0) -> 0 | R46: =IFERROR(__xludf.DUMMYFUNCTION("""COMPUTED_VALUE"""),1.0) -> 1 | S46: =IFERROR(__xludf.DUMMYFUNCTION("""COMPUTED_VALUE"""),38.0) -> 38 | T46: =IFERROR(__xludf.DUMMYFUNCTION("""COMPUTED_VALUE"""),38.0) -> 38 | U46: {=IF($D46="","",IFERROR(_xlfn.XLOOKUP($D46,'TIR店舗一覧'!$D:$D,'TIR店舗一覧'!$E:$E,""),""))} -> KS | V46: 0 | W46: 0 | X46: 0 | Y46: 0 | Z46: 0 | AA46: 38 | AB46: 0 | AC46: 0 | AD46: 0 | AE46: 0 | AF46: 0 | AG46: 38
B47: =IFERROR(__xludf.DUMMYFUNCTION("""COMPUTED_VALUE"""),46327.0) -> 46327 | C47: =IFERROR(__xludf.DUMMYFUNCTION("""COMPUTED_VALUE"""),"東北") -> 東北 | D47: =IFERROR(__xludf.DUMMYFUNCTION("""COMPUTED_VALUE"""),1015.0) -> 1015 | E47: =IFERROR(__xludf.DUMMYFUNCTION("""COMPUTED_VALUE"""),"ケーズデンキ 鶴岡店") -> ケーズデンキ 鶴岡店 | F47: =IFERROR(__xludf.DUMMYFUNCTION("""COMPUTED_VALUE"""),53.0) -> 53 | G47: =IFERROR(__xludf.DUMMYFUNCTION("""COMPUTED_VALUE"""),0.0) -> 0 | H47: =IFERROR(__xludf.DUMMYFUNCTION("""COMPUTED_VALUE"""),0.0) -> 0 | I47: =IFERROR(__xludf.DUMMYFUNCTION("""COMPUTED_VALUE"""),0.0) -> 0 | J47: =IFERROR(__xludf.DUMMYFUNCTION("""COMPUTED_VALUE"""),0.0) -> 0 | K47: =IFERROR(__xludf.DUMMYFUNCTION("""COMPUTED_VALUE"""),0.0) -> 0 | L47: =IFERROR(__xludf.DUMMYFUNCTION("""COMPUTED_VALUE"""),1.0) -> 1 | M47: =IFERROR(__xludf.DUMMYFUNCTION("""COMPUTED_VALUE"""),0.0) -> 0 | N47: =IFERROR(__xludf.DUMMYFUNCTION("""COMPUTED_VALUE"""),0.0) -> 0 | O47: =IFERROR(__xludf.DUMMYFUNCTION("""COMPUTED_VALUE"""),0.0) -> 0 | P47: =IFERROR(__xludf.DUMMYFUNCTION("""COMPUTED_VALUE"""),0.0) -> 0 | Q47: =IFERROR(__xludf.DUMMYFUNCTION("""COMPUTED_VALUE"""),0.0) -> 0 | R47: =IFERROR(__xludf.DUMMYFUNCTION("""COMPUTED_VALUE"""),1.0) -> 1 | S47: =IFERROR(__xludf.DUMMYFUNCTION("""COMPUTED_VALUE"""),53.0) -> 53 | T47: =IFERROR(__xludf.DUMMYFUNCTION("""COMPUTED_VALUE"""),53.0) -> 53 | U47: {=IF($D47="","",IFERROR(_xlfn.XLOOKUP($D47,'TIR店舗一覧'!$D:$D,'TIR店舗一覧'!$E:$E,""),""))} -> KS | V47: 0 | W47: 0 | X47: 0 | Y47: 0 | Z47: 0 | AA47: 53 | AB47: 0 | AC47: 0 | AD47: 0 | AE47: 0 | AF47: 0 | AG47: 53
B48: =IFERROR(__xludf.DUMMYFUNCTION("""COMPUTED_VALUE"""),46327.0) -> 46327 | C48: =IFERROR(__xludf.DUMMYFUNCTION("""COMPUTED_VALUE"""),"東北") -> 東北 | D48: =IFERROR(__xludf.DUMMYFUNCTION("""COMPUTED_VALUE"""),1018.0) -> 1018 | E48: =IFERROR(__xludf.DUMMYFUNCTION("""COMPUTED_VALUE"""),"ケーズデンキ 大仙店") -> ケーズデンキ 大仙店 | F48: =IFERROR(__xludf.DUMMYFUNCTION("""COMPUTED_VALUE"""),9.0) -> 9 | G48: =IFERROR(__xludf.DUMMYFUNCTION("""COMPUTED_VALUE"""),0.0) -> 0 | H48: =IFERROR(__xludf.DUMMYFUNCTION("""COMPUTED_VALUE"""),0.0) -> 0 | I48: =IFERROR(__xludf.DUMMYFUNCTION("""COMPUTED_VALUE"""),0.0) -> 0 | J48: =IFERROR(__xludf.DUMMYFUNCTION("""COMPUTED_VALUE"""),0.0) -> 0 | K48: =IFERROR(__xludf.DUMMYFUNCTION("""COMPUTED_VALUE"""),0.0) -> 0 | L48: =IFERROR(__xludf.DUMMYFUNCTION("""COMPUTED_VALUE"""),1.0) -> 1 | M48: =IFERROR(__xludf.DUMMYFUNCTION("""COMPUTED_VALUE"""),0.0) -> 0 | N48: =IFERROR(__xludf.DUMMYFUNCTION("""COMPUTED_VALUE"""),0.0) -> 0 | O48: =IFERROR(__xludf.DUMMYFUNCTION("""COMPUTED_VALUE"""),0.0) -> 0 | P48: =IFERROR(__xludf.DUMMYFUNCTION("""COMPUTED_VALUE"""),0.0) -> 0 | Q48: =IFERROR(__xludf.DUMMYFUNCTION("""COMPUTED_VALUE"""),0.0) -> 0 | R48: =IFERROR(__xludf.DUMMYFUNCTION("""COMPUTED_VALUE"""),1.0) -> 1 | S48: =IFERROR(__xludf.DUMMYFUNCTION("""COMPUTED_VALUE"""),9.0) -> 9 | T48: =IFERROR(__xludf.DUMMYFUNCTION("""COMPUTED_VALUE"""),9.0) -> 9 | U48: {=IF($D48="","",IFERROR(_xlfn.XLOOKUP($D48,'TIR店舗一覧'!$D:$D,'TIR店舗一覧'!$E:$E,""),""))} -> KS | V48: 0 | W48: 0 | X48: 0 | Y48: 0 | Z48: 0 | AA48: 9 | AB48: 0 | AC48: 0 | AD48: 0 | AE48: 0 | AF48: 0 | AG48: 9
B49: =IFERROR(__xludf.DUMMYFUNCTION("""COMPUTED_VALUE"""),46327.0) -> 46327 | C49: =IFERROR(__xludf.DUMMYFUNCTION("""COMPUTED_VALUE"""),"東北") -> 東北 | D49: =IFERROR(__xludf.DUMMYFUNCTION("""COMPUTED_VALUE"""),4001.0) -> 4001 | E49: =IFERROR(__xludf.DUMMYFUNCTION("""COMPUTED_VALUE"""),"ケーズデンキ大崎古川本店") -> ケーズデンキ大崎古川本店 | F49: =IFERROR(__xludf.DUMMYFUNCTION("""COMPUTED_VALUE"""),29.0) -> 29 | G49: =IFERROR(__xludf.DUMMYFUNCTION("""COMPUTED_VALUE"""),0.0) -> 0 | H49: =IFERROR(__xludf.DUMMYFUNCTION("""COMPUTED_VALUE"""),0.0) -> 0 | I49: =IFERROR(__xludf.DUMMYFUNCTION("""COMPUTED_VALUE"""),0.0) -> 0 | J49: =IFERROR(__xludf.DUMMYFUNCTION("""COMPUTED_VALUE"""),0.0) -> 0 | K49: =IFERROR(__xludf.DUMMYFUNCTION("""COMPUTED_VALUE"""),0.0) -> 0 | L49: =IFERROR(__xludf.DUMMYFUNCTION("""COMPUTED_VALUE"""),1.0) -> 1 | M49: =IFERROR(__xludf.DUMMYFUNCTION("""COMPUTED_VALUE"""),0.0) -> 0 | N49: =IFERROR(__xludf.DUMMYFUNCTION("""COMPUTED_VALUE"""),0.0) -> 0 | O49: =IFERROR(__xludf.DUMMYFUNCTION("""COMPUTED_VALUE"""),0.0) -> 0 | P49: =IFERROR(__xludf.DUMMYFUNCTION("""COMPUTED_VALUE"""),0.0) -> 0 | Q49: =IFERROR(__xludf.DUMMYFUNCTION("""COMPUTED_VALUE"""),0.0) -> 0 | R49: =IFERROR(__xludf.DUMMYFUNCTION("""COMPUTED_VALUE"""),1.0) -> 1 | S49: =IFERROR(__xludf.DUMMYFUNCTION("""COMPUTED_VALUE"""),29.0) -> 29 | T49: =IFERROR(__xludf.DUMMYFUNCTION("""COMPUTED_VALUE"""),29.0) -> 29 | U49: {=IF($D49="","",IFERROR(_xlfn.XLOOKUP($D49,'TIR店舗一覧'!$D:$D,'TIR店舗一覧'!$E:$E,""),""))} -> KS | V49: 0 | W49: 0 | X49: 0 | Y49: 0 | Z49: 0 | AA49: 29 | AB49: 0 | AC49: 0 | AD49: 0 | AE49: 0 | AF49: 0 | AG49: 29
B50: =IFERROR(__xludf.DUMMYFUNCTION("""COMPUTED_VALUE"""),46327.0) -> 46327 | C50: =IFERROR(__xludf.DUMMYFUNCTION("""COMPUTED_VALUE"""),"東北") -> 東北 | D50: =IFERROR(__xludf.DUMMYFUNCTION("""COMPUTED_VALUE"""),1475.0) -> 1475 | E50: =IFERROR(__xludf.DUMMYFUNCTION("""COMPUTED_VALUE"""),"ケーズデンキ 大館店") -> ケーズデンキ 大館店 | F50: =IFERROR(__xludf.DUMMYFUNCTION("""COMPUTED_VALUE"""),16.0) -> 16 | G50: =IFERROR(__xludf.DUMMYFUNCTION("""COMPUTED_VALUE"""),0.0) -> 0 | H50: =IFERROR(__xludf.DUMMYFUNCTION("""COMPUTED_VALUE"""),0.0) -> 0 | I50: =IFERROR(__xludf.DUMMYFUNCTION("""COMPUTED_VALUE"""),0.0) -> 0 | J50: =IFERROR(__xludf.DUMMYFUNCTION("""COMPUTED_VALUE"""),0.0) -> 0 | K50: =IFERROR(__xludf.DUMMYFUNCTION("""COMPUTED_VALUE"""),0.0) -> 0 | L50: =IFERROR(__xludf.DUMMYFUNCTION("""COMPUTED_VALUE"""),1.0) -> 1 | M50: =IFERROR(__xludf.DUMMYFUNCTION("""COMPUTED_VALUE"""),0.0) -> 0 | N50: =IFERROR(__xludf.DUMMYFUNCTION("""COMPUTED_VALUE"""),0.0) -> 0 | O50: =IFERROR(__xludf.DUMMYFUNCTION("""COMPUTED_VALUE"""),0.0) -> 0 | P50: =IFERROR(__xludf.DUMMYFUNCTION("""COMPUTED_VALUE"""),0.0) -> 0 | Q50: =IFERROR(__xludf.DUMMYFUNCTION("""COMPUTED_VALUE"""),0.0) -> 0 | R50: =IFERROR(__xludf.DUMMYFUNCTION("""COMPUTED_VALUE"""),1.0) -> 1 | S50: =IFERROR(__xludf.DUMMYFUNCTION("""COMPUTED_VALUE"""),16.0) -> 16 | T50: =IFERROR(__xludf.DUMMYFUNCTION("""COMPUTED_VALUE"""),16.0) -> 16 | U50: {=IF($D50="","",IFERROR(_xlfn.XLOOKUP($D50,'TIR店舗一覧'!$D:$D,'TIR店舗一覧'!$E:$E,""),""))} -> KS | V50: 0 | W50: 0 | X50: 0 | Y50: 0 | Z50: 0 | AA50: 16 | AB50: 0 | AC50: 0 | AD50: 0 | AE50: 0 | AF50: 0 | AG50: 16
B51: =IFERROR(__xludf.DUMMYFUNCTION("""COMPUTED_VALUE"""),46327.0) -> 46327 | C51: =IFERROR(__xludf.DUMMYFUNCTION("""COMPUTED_VALUE"""),"東北") -> 東北 | D51: =IFERROR(__xludf.DUMMYFUNCTION("""COMPUTED_VALUE"""),8356.0) -> 8356 | E51: =IFERROR(__xludf.DUMMYFUNCTION("""COMPUTED_VALUE"""),"ケーズデンキ 大河原店") -> ケーズデンキ 大河原店 | F51: =IFERROR(__xludf.DUMMYFUNCTION("""COMPUTED_VALUE"""),17.0) -> 17 | G51: =IFERROR(__xludf.DUMMYFUNCTION("""COMPUTED_VALUE"""),0.0) -> 0 | H51: =IFERROR(__xludf.DUMMYFUNCTION("""COMPUTED_VALUE"""),0.0) -> 0 | I51: =IFERROR(__xludf.DUMMYFUNCTION("""COMPUTED_VALUE"""),0.0) -> 0 | J51: =IFERROR(__xludf.DUMMYFUNCTION("""COMPUTED_VALUE"""),0.0) -> 0 | K51: =IFERROR(__xludf.DUMMYFUNCTION("""COMPUTED_VALUE"""),0.0) -> 0 | L51: =IFERROR(__xludf.DUMMYFUNCTION("""COMPUTED_VALUE"""),1.0) -> 1 | M51: =IFERROR(__xludf.DUMMYFUNCTION("""COMPUTED_VALUE"""),0.0) -> 0 | N51: =IFERROR(__xludf.DUMMYFUNCTION("""COMPUTED_VALUE"""),0.0) -> 0 | O51: =IFERROR(__xludf.DUMMYFUNCTION("""COMPUTED_VALUE"""),0.0) -> 0 | P51: =IFERROR(__xludf.DUMMYFUNCTION("""COMPUTED_VALUE"""),0.0) -> 0 | Q51: =IFERROR(__xludf.DUMMYFUNCTION("""COMPUTED_VALUE"""),0.0) -> 0 | R51: =IFERROR(__xludf.DUMMYFUNCTION("""COMPUTED_VALUE"""),1.0) -> 1 | S51: =IFERROR(__xludf.DUMMYFUNCTION("""COMPUTED_VALUE"""),17.0) -> 17 | T51: =IFERROR(__xludf.DUMMYFUNCTION("""COMPUTED_VALUE"""),17.0) -> 17 | U51: {=IF($D51="","",IFERROR(_xlfn.XLOOKUP($D51,'TIR店舗一覧'!$D:$D,'TIR店舗一覧'!$E:$E,""),""))} -> KS | V51: 0 | W51: 0 | X51: 0 | Y51: 0 | Z51: 0 | AA51: 17 | AB51: 0 | AC51: 0 | AD51: 0 | AE51: 0 | AF51: 0 | AG51: 17
B52: =IFERROR(__xludf.DUMMYFUNCTION("""COMPUTED_VALUE"""),46327.0) -> 46327 | C52: =IFERROR(__xludf.DUMMYFUNCTION("""COMPUTED_VALUE"""),"東北") -> 東北 | D52: =IFERROR(__xludf.DUMMYFUNCTION("""COMPUTED_VALUE"""),8324.0) -> 8324 | E52: =IFERROR(__xludf.DUMMYFUNCTION("""COMPUTED_VALUE"""),"ケーズデンキ 仙台西店") -> ケーズデンキ 仙台西店 | F52: =IFERROR(__xludf.DUMMYFUNCTION("""COMPUTED_VALUE"""),25.0) -> 25 | G52: =IFERROR(__xludf.DUMMYFUNCTION("""COMPUTED_VALUE"""),0.0) -> 0 | H52: =IFERROR(__xludf.DUMMYFUNCTION("""COMPUTED_VALUE"""),0.0) -> 0 | I52: =IFERROR(__xludf.DUMMYFUNCTION("""COMPUTED_VALUE"""),0.0) -> 0 | J52: =IFERROR(__xludf.DUMMYFUNCTION("""COMPUTED_VALUE"""),0.0) -> 0 | K52: =IFERROR(__xludf.DUMMYFUNCTION("""COMPUTED_VALUE"""),0.0) -> 0 | L52: =IFERROR(__xludf.DUMMYFUNCTION("""COMPUTED_VALUE"""),1.0) -> 1 | M52: =IFERROR(__xludf.DUMMYFUNCTION("""COMPUTED_VALUE"""),0.0) -> 0 | N52: =IFERROR(__xludf.DUMMYFUNCTION("""COMPUTED_VALUE"""),0.0) -> 0 | O52: =IFERROR(__xludf.DUMMYFUNCTION("""COMPUTED_VALUE"""),0.0) -> 0 | P52: =IFERROR(__xludf.DUMMYFUNCTION("""COMPUTED_VALUE"""),0.0) -> 0 | Q52: =IFERROR(__xludf.DUMMYFUNCTION("""COMPUTED_VALUE"""),0.0) -> 0 | R52: =IFERROR(__xludf.DUMMYFUNCTION("""COMPUTED_VALUE"""),1.0) -> 1 | S52: =IFERROR(__xludf.DUMMYFUNCTION("""COMPUTED_VALUE"""),25.0) -> 25 | T52: =IFERROR(__xludf.DUMMYFUNCTION("""COMPUTED_VALUE"""),25.0) -> 25 | U52: {=IF($D52="","",IFERROR(_xlfn.XLOOKUP($D52,'TIR店舗一覧'!$D:$D,'TIR店舗一覧'!$E:$E,""),""))} -> KS | V52: 0 | W52: 0 | X52: 0 | Y52: 0 | Z52: 0 | AA52: 25 | AB52: 0 | AC52: 0 | AD52: 0 | AE52: 0 | AF52: 0 | AG52: 25
B53: =IFERROR(__xludf.DUMMYFUNCTION("""COMPUTED_VALUE"""),46327.0) -> 46327 | C53: =IFERROR(__xludf.DUMMYFUNCTION("""COMPUTED_VALUE"""),"東北") -> 東北 | D53: =IFERROR(__xludf.DUMMYFUNCTION("""COMPUTED_VALUE"""),8420.0) -> 8420 | E53: =IFERROR(__xludf.DUMMYFUNCTION("""COMPUTED_VALUE"""),"ケーズデンキ 仙台荒井店") -> ケーズデンキ 仙台荒井店 | F53: =IFERROR(__xludf.DUMMYFUNCTION("""COMPUTED_VALUE"""),17.0) -> 17 | G53: =IFERROR(__xludf.DUMMYFUNCTION("""COMPUTED_VALUE"""),0.0) -> 0 | H53: =IFERROR(__xludf.DUMMYFUNCTION("""COMPUTED_VALUE"""),0.0) -> 0 | I53: =IFERROR(__xludf.DUMMYFUNCTION("""COMPUTED_VALUE"""),0.0) -> 0 | J53: =IFERROR(__xludf.DUMMYFUNCTION("""COMPUTED_VALUE"""),0.0) -> 0 | K53: =IFERROR(__xludf.DUMMYFUNCTION("""COMPUTED_VALUE"""),0.0) -> 0 | L53: =IFERROR(__xludf.DUMMYFUNCTION("""COMPUTED_VALUE"""),1.0) -> 1 | M53: =IFERROR(__xludf.DUMMYFUNCTION("""COMPUTED_VALUE"""),0.0) -> 0 | N53: =IFERROR(__xludf.DUMMYFUNCTION("""COMPUTED_VALUE"""),0.0) -> 0 | O53: =IFERROR(__xludf.DUMMYFUNCTION("""COMPUTED_VALUE"""),0.0) -> 0 | P53: =IFERROR(__xludf.DUMMYFUNCTION("""COMPUTED_VALUE"""),0.0) -> 0 | Q53: =IFERROR(__xludf.DUMMYFUNCTION("""COMPUTED_VALUE"""),0.0) -> 0 | R53: =IFERROR(__xludf.DUMMYFUNCTION("""COMPUTED_VALUE"""),1.0) -> 1 | S53: =IFERROR(__xludf.DUMMYFUNCTION("""COMPUTED_VALUE"""),17.0) -> 17 | T53: =IFERROR(__xludf.DUMMYFUNCTION("""COMPUTED_VALUE"""),17.0) -> 17 | U53: {=IF($D53="","",IFERROR(_xlfn.XLOOKUP($D53,'TIR店舗一覧'!$D:$D,'TIR店舗一覧'!$E:$E,""),""))} -> KS | V53: 0 | W53: 0 | X53: 0 | Y53: 0 | Z53: 0 | AA53: 17 | AB53: 0 | AC53: 0 | AD53: 0 | AE53: 0 | AF53: 0 | AG53: 17
B54: =IFERROR(__xludf.DUMMYFUNCTION("""COMPUTED_VALUE"""),46327.0) -> 46327 | C54: =IFERROR(__xludf.DUMMYFUNCTION("""COMPUTED_VALUE"""),"関東") -> 関東 | D54: =IFERROR(__xludf.DUMMYFUNCTION("""COMPUTED_VALUE"""),8991.0) -> 8991 | E54: =IFERROR(__xludf.DUMMYFUNCTION("""COMPUTED_VALUE"""),"ヤマダファミリーショップ ヤオ秩父店") -> ヤマダファミリーショップ ヤオ秩父店 | F54: =IFERROR(__xludf.DUMMYFUNCTION("""COMPUTED_VALUE"""),0.0) -> 0 | G54: =IFERROR(__xludf.DUMMYFUNCTION("""COMPUTED_VALUE"""),"-") -> - | H54: =IFERROR(__xludf.DUMMYFUNCTION("""COMPUTED_VALUE"""),"-") -> - | I54: =IFERROR(__xludf.DUMMYFUNCTION("""COMPUTED_VALUE"""),"-") -> - | J54: =IFERROR(__xludf.DUMMYFUNCTION("""COMPUTED_VALUE"""),"-") -> - | K54: =IFERROR(__xludf.DUMMYFUNCTION("""COMPUTED_VALUE"""),"-") -> - | L54: =IFERROR(__xludf.DUMMYFUNCTION("""COMPUTED_VALUE"""),"-") -> - | M54: =IFERROR(__xludf.DUMMYFUNCTION("""COMPUTED_VALUE"""),"-") -> - | N54: =IFERROR(__xludf.DUMMYFUNCTION("""COMPUTED_VALUE"""),"-") -> - | ... R54: =IFERROR(__xludf.DUMMYFUNCTION("""COMPUTED_VALUE"""),"-") -> - | S54: =IFERROR(__xludf.DUMMYFUNCTION("""COMPUTED_VALUE"""),0.0) -> 0 | T54: =IFERROR(__xludf.DUMMYFUNCTION("""COMPUTED_VALUE"""),0.0) -> 0 | U54: {=IF($D54="","",IFERROR(_xlfn.XLOOKUP($D54,'TIR店舗一覧'!$D:$D,'TIR店舗一覧'!$E:$E,""),""))} -> YD | V54: 0 | W54: 0 | X54: 0 | Y54: 0 | Z54: 0 | AA54: 0 | AB54: 0 | AC54: 0 | AD54: 0 | AE54: 0 | AF54: 0 | AG54: 0
B55: =IFERROR(__xludf.DUMMYFUNCTION("""COMPUTED_VALUE"""),46327.0) -> 46327 | C55: =IFERROR(__xludf.DUMMYFUNCTION("""COMPUTED_VALUE"""),"関東") -> 関東 | D55: =IFERROR(__xludf.DUMMYFUNCTION("""COMPUTED_VALUE"""),8655.0) -> 8655 | E55: =IFERROR(__xludf.DUMMYFUNCTION("""COMPUTED_VALUE"""),"テックランド厚木店") -> テックランド厚木店 | F55: =IFERROR(__xludf.DUMMYFUNCTION("""COMPUTED_VALUE"""),0.0) -> 0 | G55: =IFERROR(__xludf.DUMMYFUNCTION("""COMPUTED_VALUE"""),"-") -> - | H55: =IFERROR(__xludf.DUMMYFUNCTION("""COMPUTED_VALUE"""),"-") -> - | I55: =IFERROR(__xludf.DUMMYFUNCTION("""COMPUTED_VALUE"""),"-") -> - | J55: =IFERROR(__xludf.DUMMYFUNCTION("""COMPUTED_VALUE"""),"-") -> - | K55: =IFERROR(__xludf.DUMMYFUNCTION("""COMPUTED_VALUE"""),"-") -> - | L55: =IFERROR(__xludf.DUMMYFUNCTION("""COMPUTED_VALUE"""),"-") -> - | M55: =IFERROR(__xludf.DUMMYFUNCTION("""COMPUTED_VALUE"""),"-") -> - | N55: =IFERROR(__xludf.DUMMYFUNCTION("""COMPUTED_VALUE"""),"-") -> - | ... R55: =IFERROR(__xludf.DUMMYFUNCTION("""COMPUTED_VALUE"""),"-") -> - | S55: =IFERROR(__xludf.DUMMYFUNCTION("""COMPUTED_VALUE"""),0.0) -> 0 | T55: =IFERROR(__xludf.DUMMYFUNCTION("""COMPUTED_VALUE"""),0.0) -> 0 | U55: {=IF($D55="","",IFERROR(_xlfn.XLOOKUP($D55,'TIR店舗一覧'!$D:$D,'TIR店舗一覧'!$E:$E,""),""))} -> YD | V55: 0 | W55: 0 | X55: 0 | Y55: 0 | Z55: 0 | AA55: 0 | AB55: 0 | AC55: 0 | AD55: 0 | AE55: 0 | AF55: 0 | AG55: 0
B56: =IFERROR(__xludf.DUMMYFUNCTION("""COMPUTED_VALUE"""),46327.0) -> 46327 | C56: =IFERROR(__xludf.DUMMYFUNCTION("""COMPUTED_VALUE"""),"関東") -> 関東 | D56: =IFERROR(__xludf.DUMMYFUNCTION("""COMPUTED_VALUE"""),8861.0) -> 8861 | E56: =IFERROR(__xludf.DUMMYFUNCTION("""COMPUTED_VALUE"""),"テックランド古河店") -> テックランド古河店 | F56: =IFERROR(__xludf.DUMMYFUNCTION("""COMPUTED_VALUE"""),0.0) -> 0 | G56: =IFERROR(__xludf.DUMMYFUNCTION("""COMPUTED_VALUE"""),"-") -> - | H56: =IFERROR(__xludf.DUMMYFUNCTION("""COMPUTED_VALUE"""),"-") -> - | I56: =IFERROR(__xludf.DUMMYFUNCTION("""COMPUTED_VALUE"""),"-") -> - | J56: =IFERROR(__xludf.DUMMYFUNCTION("""COMPUTED_VALUE"""),"-") -> - | K56: =IFERROR(__xludf.DUMMYFUNCTION("""COMPUTED_VALUE"""),"-") -> - | L56: =IFERROR(__xludf.DUMMYFUNCTION("""COMPUTED_VALUE"""),"-") -> - | M56: =IFERROR(__xludf.DUMMYFUNCTION("""COMPUTED_VALUE"""),"-") -> - | N56: =IFERROR(__xludf.DUMMYFUNCTION("""COMPUTED_VALUE"""),"-") -> - | ... R56: =IFERROR(__xludf.DUMMYFUNCTION("""COMPUTED_VALUE"""),"-") -> - | S56: =IFERROR(__xludf.DUMMYFUNCTION("""COMPUTED_VALUE"""),0.0) -> 0 | T56: =IFERROR(__xludf.DUMMYFUNCTION("""COMPUTED_VALUE"""),0.0) -> 0 | U56: {=IF($D56="","",IFERROR(_xlfn.XLOOKUP($D56,'TIR店舗一覧'!$D:$D,'TIR店舗一覧'!$E:$E,""),""))} -> YD | V56: 0 | W56: 0 | X56: 0 | Y56: 0 | Z56: 0 | AA56: 0 | AB56: 0 | AC56: 0 | AD56: 0 | AE56: 0 | AF56: 0 | AG56: 0
B57: =IFERROR(__xludf.DUMMYFUNCTION("""COMPUTED_VALUE"""),46327.0) -> 46327 | C57: =IFERROR(__xludf.DUMMYFUNCTION("""COMPUTED_VALUE"""),"関東") -> 関東 | D57: =IFERROR(__xludf.DUMMYFUNCTION("""COMPUTED_VALUE"""),7691.0) -> 7691 | E57: =IFERROR(__xludf.DUMMYFUNCTION("""COMPUTED_VALUE"""),"テックランド横浜泉店") -> テックランド横浜泉店 | F57: =IFERROR(__xludf.DUMMYFUNCTION("""COMPUTED_VALUE"""),0.0) -> 0 | G57: =IFERROR(__xludf.DUMMYFUNCTION("""COMPUTED_VALUE"""),"-") -> - | H57: =IFERROR(__xludf.DUMMYFUNCTION("""COMPUTED_VALUE"""),"-") -> - | I57: =IFERROR(__xludf.DUMMYFUNCTION("""COMPUTED_VALUE"""),"-") -> - | J57: =IFERROR(__xludf.DUMMYFUNCTION("""COMPUTED_VALUE"""),"-") -> - | K57: =IFERROR(__xludf.DUMMYFUNCTION("""COMPUTED_VALUE"""),"-") -> - | L57: =IFERROR(__xludf.DUMMYFUNCTION("""COMPUTED_VALUE"""),"-") -> - | M57: =IFERROR(__xludf.DUMMYFUNCTION("""COMPUTED_VALUE"""),"-") -> - | N57: =IFERROR(__xludf.DUMMYFUNCTION("""COMPUTED_VALUE"""),"-") -> - | ... R57: =IFERROR(__xludf.DUMMYFUNCTION("""COMPUTED_VALUE"""),"-") -> - | S57: =IFERROR(__xludf.DUMMYFUNCTION("""COMPUTED_VALUE"""),0.0) -> 0 | T57: =IFERROR(__xludf.DUMMYFUNCTION("""COMPUTED_VALUE"""),0.0) -> 0 | U57: {=IF($D57="","",IFERROR(_xlfn.XLOOKUP($D57,'TIR店舗一覧'!$D:$D,'TIR店舗一覧'!$E:$E,""),""))} -> YD | V57: 0 | W57: 0 | X57: 0 | Y57: 0 | Z57: 0 | AA57: 0 | AB57: 0 | AC57: 0 | AD57: 0 | AE57: 0 | AF57: 0 | AG57: 0
B58: =IFERROR(__xludf.DUMMYFUNCTION("""COMPUTED_VALUE"""),46327.0) -> 46327 | C58: =IFERROR(__xludf.DUMMYFUNCTION("""COMPUTED_VALUE"""),"関東") -> 関東 | D58: =IFERROR(__xludf.DUMMYFUNCTION("""COMPUTED_VALUE"""),8626.0) -> 8626 | E58: =IFERROR(__xludf.DUMMYFUNCTION("""COMPUTED_VALUE"""),"テックランド 横須賀店") -> テックランド 横須賀店 | F58: =IFERROR(__xludf.DUMMYFUNCTION("""COMPUTED_VALUE"""),0.0) -> 0 | G58: =IFERROR(__xludf.DUMMYFUNCTION("""COMPUTED_VALUE"""),"-") -> - | H58: =IFERROR(__xludf.DUMMYFUNCTION("""COMPUTED_VALUE"""),"-") -> - | I58: =IFERROR(__xludf.DUMMYFUNCTION("""COMPUTED_VALUE"""),"-") -> - | J58: =IFERROR(__xludf.DUMMYFUNCTION("""COMPUTED_VALUE"""),"-") -> - | K58: =IFERROR(__xludf.DUMMYFUNCTION("""COMPUTED_VALUE"""),"-") -> - | L58: =IFERROR(__xludf.DUMMYFUNCTION("""COMPUTED_VALUE"""),"-") -> - | M58: =IFERROR(__xludf.DUMMYFUNCTION("""COMPUTED_VALUE"""),"-") -> - | N58: =IFERROR(__xludf.DUMMYFUNCTION("""COMPUTED_VALUE"""),"-") -> - | ... R58: =IFERROR(__xludf.DUMMYFUNCTION("""COMPUTED_VALUE"""),"-") -> - | S58: =IFERROR(__xludf.DUMMYFUNCTION("""COMPUTED_VALUE"""),0.0) -> 0 | T58: =IFERROR(__xludf.DUMMYFUNCTION("""COMPUTED_VALUE"""),0.0) -> 0 | U58: {=IF($D58="","",IFERROR(_xlfn.XLOOKUP($D58,'TIR店舗一覧'!$D:$D,'TIR店舗一覧'!$E:$E,""),""))} -> YD | V58: 0 | W58: 0 | X58: 0 | Y58: 0 | Z58: 0 | AA58: 0 | AB58: 0 | AC58: 0 | AD58: 0 | AE58: 0 | AF58: 0 | AG58: 0
B59: =IFERROR(__xludf.DUMMYFUNCTION("""COMPUTED_VALUE"""),46327.0) -> 46327 | C59: =IFERROR(__xludf.DUMMYFUNCTION("""COMPUTED_VALUE"""),"関東") -> 関東 | D59: =IFERROR(__xludf.DUMMYFUNCTION("""COMPUTED_VALUE"""),8956.0) -> 8956 | E59: =IFERROR(__xludf.DUMMYFUNCTION("""COMPUTED_VALUE"""),"ケーズデンキ 君津店") -> ケーズデンキ 君津店 | F59: =IFERROR(__xludf.DUMMYFUNCTION("""COMPUTED_VALUE"""),0.0) -> 0 | G59: =IFERROR(__xludf.DUMMYFUNCTION("""COMPUTED_VALUE"""),"-") -> - | H59: =IFERROR(__xludf.DUMMYFUNCTION("""COMPUTED_VALUE"""),"-") -> - | I59: =IFERROR(__xludf.DUMMYFUNCTION("""COMPUTED_VALUE"""),"-") -> - | J59: =IFERROR(__xludf.DUMMYFUNCTION("""COMPUTED_VALUE"""),"-") -> - | K59: =IFERROR(__xludf.DUMMYFUNCTION("""COMPUTED_VALUE"""),"-") -> - | L59: =IFERROR(__xludf.DUMMYFUNCTION("""COMPUTED_VALUE"""),"-") -> - | M59: =IFERROR(__xludf.DUMMYFUNCTION("""COMPUTED_VALUE"""),"-") -> - | N59: =IFERROR(__xludf.DUMMYFUNCTION("""COMPUTED_VALUE"""),"-") -> - | ... R59: =IFERROR(__xludf.DUMMYFUNCTION("""COMPUTED_VALUE"""),"-") -> - | S59: =IFERROR(__xludf.DUMMYFUNCTION("""COMPUTED_VALUE"""),0.0) -> 0 | T59: =IFERROR(__xludf.DUMMYFUNCTION("""COMPUTED_VALUE"""),0.0) -> 0 | U59: {=IF($D59="","",IFERROR(_xlfn.XLOOKUP($D59,'TIR店舗一覧'!$D:$D,'TIR店舗一覧'!$E:$E,""),""))} -> KS | V59: 0 | W59: 0 | X59: 0 | Y59: 0 | Z59: 0 | AA59: 0 | AB59: 0 | AC59: 0 | AD59: 0 | AE59: 0 | AF59: 0 | AG59: 0
B60: =IFERROR(__xludf.DUMMYFUNCTION("""COMPUTED_VALUE"""),46327.0) -> 46327 | C60: =IFERROR(__xludf.DUMMYFUNCTION("""COMPUTED_VALUE"""),"関東") -> 関東 | D60: =IFERROR(__xludf.DUMMYFUNCTION("""COMPUTED_VALUE"""),7671.0) -> 7671 | E60: =IFERROR(__xludf.DUMMYFUNCTION("""COMPUTED_VALUE"""),"Tecc LIFE SELECT 港北センター店") -> Tecc LIFE SELECT 港北センター店 | F60: =IFERROR(__xludf.DUMMYFUNCTION("""COMPUTED_VALUE"""),0.0) -> 0 | G60: =IFERROR(__xludf.DUMMYFUNCTION("""COMPUTED_VALUE"""),"-") -> - | H60: =IFERROR(__xludf.DUMMYFUNCTION("""COMPUTED_VALUE"""),"-") -> - | I60: =IFERROR(__xludf.DUMMYFUNCTION("""COMPUTED_VALUE"""),"-") -> - | J60: =IFERROR(__xludf.DUMMYFUNCTION("""COMPUTED_VALUE"""),"-") -> - | K60: =IFERROR(__xludf.DUMMYFUNCTION("""COMPUTED_VALUE"""),"-") -> - | L60: =IFERROR(__xludf.DUMMYFUNCTION("""COMPUTED_VALUE"""),"-") -> - | M60: =IFERROR(__xludf.DUMMYFUNCTION("""COMPUTED_VALUE"""),"-") -> - | N60: =IFERROR(__xludf.DUMMYFUNCTION("""COMPUTED_VALUE"""),"-") -> - | ... R60: =IFERROR(__xludf.DUMMYFUNCTION("""COMPUTED_VALUE"""),"-") -> - | S60: =IFERROR(__xludf.DUMMYFUNCTION("""COMPUTED_VALUE"""),0.0) -> 0 | T60: =IFERROR(__xludf.DUMMYFUNCTION("""COMPUTED_VALUE"""),0.0) -> 0 | U60: {=IF($D60="","",IFERROR(_xlfn.XLOOKUP($D60,'TIR店舗一覧'!$D:$D,'TIR店舗一覧'!$E:$E,""),""))} -> YD | V60: 0 | W60: 0 | X60: 0 | Y60: 0 | Z60: 0 | AA60: 0 | AB60: 0 | AC60: 0 | AD60: 0 | AE60: 0 | AF60: 0 | AG60: 0
B61: =IFERROR(__xludf.DUMMYFUNCTION("""COMPUTED_VALUE"""),46327.0) -> 46327 | C61: =IFERROR(__xludf.DUMMYFUNCTION("""COMPUTED_VALUE"""),"関東") -> 関東 | D61: =IFERROR(__xludf.DUMMYFUNCTION("""COMPUTED_VALUE"""),8848.0) -> 8848 | E61: =IFERROR(__xludf.DUMMYFUNCTION("""COMPUTED_VALUE"""),"Tecc LIFE SELECT ムサシ久喜菖蒲店") -> Tecc LIFE SELECT ムサシ久喜菖蒲店 | F61: =IFERROR(__xludf.DUMMYFUNCTION("""COMPUTED_VALUE"""),0.0) -> 0 | G61: =IFERROR(__xludf.DUMMYFUNCTION("""COMPUTED_VALUE"""),"-") -> - | H61: =IFERROR(__xludf.DUMMYFUNCTION("""COMPUTED_VALUE"""),"-") -> - | I61: =IFERROR(__xludf.DUMMYFUNCTION("""COMPUTED_VALUE"""),"-") -> - | J61: =IFERROR(__xludf.DUMMYFUNCTION("""COMPUTED_VALUE"""),"-") -> - | K61: =IFERROR(__xludf.DUMMYFUNCTION("""COMPUTED_VALUE"""),"-") -> - | L61: =IFERROR(__xludf.DUMMYFUNCTION("""COMPUTED_VALUE"""),"-") -> - | M61: =IFERROR(__xludf.DUMMYFUNCTION("""COMPUTED_VALUE"""),"-") -> - | N61: =IFERROR(__xludf.DUMMYFUNCTION("""COMPUTED_VALUE"""),"-") -> - | ... R61: =IFERROR(__xludf.DUMMYFUNCTION("""COMPUTED_VALUE"""),"-") -> - | S61: =IFERROR(__xludf.DUMMYFUNCTION("""COMPUTED_VALUE"""),0.0) -> 0 | T61: =IFERROR(__xludf.DUMMYFUNCTION("""COMPUTED_VALUE"""),0.0) -> 0 | U61: {=IF($D61="","",IFERROR(_xlfn.XLOOKUP($D61,'TIR店舗一覧'!$D:$D,'TIR店舗一覧'!$E:$E,""),""))} -> YD | V61: 0 | W61: 0 | X61: 0 | Y61: 0 | Z61: 0 | AA61: 0 | AB61: 0 | AC61: 0 | AD61: 0 | AE61: 0 | AF61: 0 | AG61: 0
B62: =IFERROR(__xludf.DUMMYFUNCTION("""COMPUTED_VALUE"""),46327.0) -> 46327 | C62: =IFERROR(__xludf.DUMMYFUNCTION("""COMPUTED_VALUE"""),"中部") -> 中部 | D62: =IFERROR(__xludf.DUMMYFUNCTION("""COMPUTED_VALUE"""),8816.0) -> 8816 | E62: =IFERROR(__xludf.DUMMYFUNCTION("""COMPUTED_VALUE"""),"テックランド金沢本店") -> テックランド金沢本店 | F62: =IFERROR(__xludf.DUMMYFUNCTION("""COMPUTED_VALUE"""),38.0) -> 38 | G62: =IFERROR(__xludf.DUMMYFUNCTION("""COMPUTED_VALUE"""),0.0) -> 0 | H62: =IFERROR(__xludf.DUMMYFUNCTION("""COMPUTED_VALUE"""),0.0) -> 0 | I62: =IFERROR(__xludf.DUMMYFUNCTION("""COMPUTED_VALUE"""),0.0) -> 0 | J62: =IFERROR(__xludf.DUMMYFUNCTION("""COMPUTED_VALUE"""),0.0) -> 0 | K62: =IFERROR(__xludf.DUMMYFUNCTION("""COMPUTED_VALUE"""),0.0) -> 0 | L62: =IFERROR(__xludf.DUMMYFUNCTION("""COMPUTED_VALUE"""),1.0) -> 1 | M62: =IFERROR(__xludf.DUMMYFUNCTION("""COMPUTED_VALUE"""),0.0) -> 0 | N62: =IFERROR(__xludf.DUMMYFUNCTION("""COMPUTED_VALUE"""),0.0) -> 0 | O62: =IFERROR(__xludf.DUMMYFUNCTION("""COMPUTED_VALUE"""),0.0) -> 0 | P62: =IFERROR(__xludf.DUMMYFUNCTION("""COMPUTED_VALUE"""),0.0) -> 0 | Q62: =IFERROR(__xludf.DUMMYFUNCTION("""COMPUTED_VALUE"""),0.0) -> 0 | R62: =IFERROR(__xludf.DUMMYFUNCTION("""COMPUTED_VALUE"""),1.0) -> 1 | S62: =IFERROR(__xludf.DUMMYFUNCTION("""COMPUTED_VALUE"""),38.0) -> 38 | T62: =IFERROR(__xludf.DUMMYFUNCTION("""COMPUTED_VALUE"""),38.0) -> 38 | U62: {=IF($D62="","",IFERROR(_xlfn.XLOOKUP($D62,'TIR店舗一覧'!$D:$D,'TIR店舗一覧'!$E:$E,""),""))} -> YD | V62: 0 | W62: 0 | X62: 0 | Y62: 0 | Z62: 0 | AA62: 38 | AB62: 0 | AC62: 0 | AD62: 0 | AE62: 0 | AF62: 0 | AG62: 38
B63: =IFERROR(__xludf.DUMMYFUNCTION("""COMPUTED_VALUE"""),46327.0) -> 46327 | C63: =IFERROR(__xludf.DUMMYFUNCTION("""COMPUTED_VALUE"""),"中部") -> 中部 | D63: =IFERROR(__xludf.DUMMYFUNCTION("""COMPUTED_VALUE"""),8839.0) -> 8839 | E63: =IFERROR(__xludf.DUMMYFUNCTION("""COMPUTED_VALUE"""),"テックランド金沢大桑店") -> テックランド金沢大桑店 | F63: =IFERROR(__xludf.DUMMYFUNCTION("""COMPUTED_VALUE"""),29.0) -> 29 | G63: =IFERROR(__xludf.DUMMYFUNCTION("""COMPUTED_VALUE"""),0.0) -> 0 | H63: =IFERROR(__xludf.DUMMYFUNCTION("""COMPUTED_VALUE"""),0.0) -> 0 | I63: =IFERROR(__xludf.DUMMYFUNCTION("""COMPUTED_VALUE"""),0.0) -> 0 | J63: =IFERROR(__xludf.DUMMYFUNCTION("""COMPUTED_VALUE"""),0.0) -> 0 | K63: =IFERROR(__xludf.DUMMYFUNCTION("""COMPUTED_VALUE"""),0.0) -> 0 | L63: =IFERROR(__xludf.DUMMYFUNCTION("""COMPUTED_VALUE"""),1.0) -> 1 | M63: =IFERROR(__xludf.DUMMYFUNCTION("""COMPUTED_VALUE"""),0.0) -> 0 | N63: =IFERROR(__xludf.DUMMYFUNCTION("""COMPUTED_VALUE"""),0.0) -> 0 | O63: =IFERROR(__xludf.DUMMYFUNCTION("""COMPUTED_VALUE"""),0.0) -> 0 | P63: =IFERROR(__xludf.DUMMYFUNCTION("""COMPUTED_VALUE"""),0.0) -> 0 | Q63: =IFERROR(__xludf.DUMMYFUNCTION("""COMPUTED_VALUE"""),0.0) -> 0 | R63: =IFERROR(__xludf.DUMMYFUNCTION("""COMPUTED_VALUE"""),1.0) -> 1 | S63: =IFERROR(__xludf.DUMMYFUNCTION("""COMPUTED_VALUE"""),29.0) -> 29 | T63: =IFERROR(__xludf.DUMMYFUNCTION("""COMPUTED_VALUE"""),29.0) -> 29 | U63: {=IF($D63="","",IFERROR(_xlfn.XLOOKUP($D63,'TIR店舗一覧'!$D:$D,'TIR店舗一覧'!$E:$E,""),""))} -> YD | V63: 0 | W63: 0 | X63: 0 | Y63: 0 | Z63: 0 | AA63: 29 | AB63: 0 | AC63: 0 | AD63: 0 | AE63: 0 | AF63: 0 | AG63: 29
B64: =IFERROR(__xludf.DUMMYFUNCTION("""COMPUTED_VALUE"""),46327.0) -> 46327 | C64: =IFERROR(__xludf.DUMMYFUNCTION("""COMPUTED_VALUE"""),"中部") -> 中部 | D64: =IFERROR(__xludf.DUMMYFUNCTION("""COMPUTED_VALUE"""),8423.0) -> 8423 | E64: =IFERROR(__xludf.DUMMYFUNCTION("""COMPUTED_VALUE"""),"テックランド 福井本店") -> テックランド 福井本店 | F64: =IFERROR(__xludf.DUMMYFUNCTION("""COMPUTED_VALUE"""),24.0) -> 24 | G64: =IFERROR(__xludf.DUMMYFUNCTION("""COMPUTED_VALUE"""),0.0) -> 0 | H64: =IFERROR(__xludf.DUMMYFUNCTION("""COMPUTED_VALUE"""),0.0) -> 0 | I64: =IFERROR(__xludf.DUMMYFUNCTION("""COMPUTED_VALUE"""),0.0) -> 0 | J64: =IFERROR(__xludf.DUMMYFUNCTION("""COMPUTED_VALUE"""),0.0) -> 0 | K64: =IFERROR(__xludf.DUMMYFUNCTION("""COMPUTED_VALUE"""),0.0) -> 0 | L64: =IFERROR(__xludf.DUMMYFUNCTION("""COMPUTED_VALUE"""),1.0) -> 1 | M64: =IFERROR(__xludf.DUMMYFUNCTION("""COMPUTED_VALUE"""),0.0) -> 0 | N64: =IFERROR(__xludf.DUMMYFUNCTION("""COMPUTED_VALUE"""),0.0) -> 0 | O64: =IFERROR(__xludf.DUMMYFUNCTION("""COMPUTED_VALUE"""),0.0) -> 0 | P64: =IFERROR(__xludf.DUMMYFUNCTION("""COMPUTED_VALUE"""),0.0) -> 0 | Q64: =IFERROR(__xludf.DUMMYFUNCTION("""COMPUTED_VALUE"""),0.0) -> 0 | R64: =IFERROR(__xludf.DUMMYFUNCTION("""COMPUTED_VALUE"""),1.0) -> 1 | S64: =IFERROR(__xludf.DUMMYFUNCTION("""COMPUTED_VALUE"""),24.0) -> 24 | T64: =IFERROR(__xludf.DUMMYFUNCTION("""COMPUTED_VALUE"""),24.0) -> 24 | U64: {=IF($D64="","",IFERROR(_xlfn.XLOOKUP($D64,'TIR店舗一覧'!$D:$D,'TIR店舗一覧'!$E:$E,""),""))} -> YD | V64: 0 | W64: 0 | X64: 0 | Y64: 0 | Z64: 0 | AA64: 24 | AB64: 0 | AC64: 0 | AD64: 0 | AE64: 0 | AF64: 0 | AG64: 24
B65: =IFERROR(__xludf.DUMMYFUNCTION("""COMPUTED_VALUE"""),46327.0) -> 46327 | C65: =IFERROR(__xludf.DUMMYFUNCTION("""COMPUTED_VALUE"""),"中部") -> 中部 | D65: =IFERROR(__xludf.DUMMYFUNCTION("""COMPUTED_VALUE"""),8399.0) -> 8399 | E65: =IFERROR(__xludf.DUMMYFUNCTION("""COMPUTED_VALUE"""),"テックランド 星ヶ丘店") -> テックランド 星ヶ丘店 | F65: =IFERROR(__xludf.DUMMYFUNCTION("""COMPUTED_VALUE"""),17.0) -> 17 | G65: =IFERROR(__xludf.DUMMYFUNCTION("""COMPUTED_VALUE"""),0.0) -> 0 | H65: =IFERROR(__xludf.DUMMYFUNCTION("""COMPUTED_VALUE"""),0.0) -> 0 | I65: =IFERROR(__xludf.DUMMYFUNCTION("""COMPUTED_VALUE"""),0.0) -> 0 | J65: =IFERROR(__xludf.DUMMYFUNCTION("""COMPUTED_VALUE"""),0.0) -> 0 | K65: =IFERROR(__xludf.DUMMYFUNCTION("""COMPUTED_VALUE"""),0.0) -> 0 | L65: =IFERROR(__xludf.DUMMYFUNCTION("""COMPUTED_VALUE"""),1.0) -> 1 | M65: =IFERROR(__xludf.DUMMYFUNCTION("""COMPUTED_VALUE"""),0.0) -> 0 | N65: =IFERROR(__xludf.DUMMYFUNCTION("""COMPUTED_VALUE"""),0.0) -> 0 | O65: =IFERROR(__xludf.DUMMYFUNCTION("""COMPUTED_VALUE"""),0.0) -> 0 | P65: =IFERROR(__xludf.DUMMYFUNCTION("""COMPUTED_VALUE"""),0.0) -> 0 | Q65: =IFERROR(__xludf.DUMMYFUNCTION("""COMPUTED_VALUE"""),0.0) -> 0 | R65: =IFERROR(__xludf.DUMMYFUNCTION("""COMPUTED_VALUE"""),1.0) -> 1 | S65: =IFERROR(__xludf.DUMMYFUNCTION("""COMPUTED_VALUE"""),17.0) -> 17 | T65: =IFERROR(__xludf.DUMMYFUNCTION("""COMPUTED_VALUE"""),17.0) -> 17 | U65: {=IF($D65="","",IFERROR(_xlfn.XLOOKUP($D65,'TIR店舗一覧'!$D:$D,'TIR店舗一覧'!$E:$E,""),""))} -> YD | V65: 0 | W65: 0 | X65: 0 | Y65: 0 | Z65: 0 | AA65: 17 | AB65: 0 | AC65: 0 | AD65: 0 | AE65: 0 | AF65: 0 | AG65: 17
B66: =IFERROR(__xludf.DUMMYFUNCTION("""COMPUTED_VALUE"""),46327.0) -> 46327 | C66: =IFERROR(__xludf.DUMMYFUNCTION("""COMPUTED_VALUE"""),"中部") -> 中部 | D66: =IFERROR(__xludf.DUMMYFUNCTION("""COMPUTED_VALUE"""),8546.0) -> 8546 | E66: =IFERROR(__xludf.DUMMYFUNCTION("""COMPUTED_VALUE"""),"テックランド ららぽーと安城店") -> テックランド ららぽーと安城店 | F66: =IFERROR(__xludf.DUMMYFUNCTION("""COMPUTED_VALUE"""),18.0) -> 18 | G66: =IFERROR(__xludf.DUMMYFUNCTION("""COMPUTED_VALUE"""),0.0) -> 0 | H66: =IFERROR(__xludf.DUMMYFUNCTION("""COMPUTED_VALUE"""),0.0) -> 0 | I66: =IFERROR(__xludf.DUMMYFUNCTION("""COMPUTED_VALUE"""),0.0) -> 0 | J66: =IFERROR(__xludf.DUMMYFUNCTION("""COMPUTED_VALUE"""),0.0) -> 0 | K66: =IFERROR(__xludf.DUMMYFUNCTION("""COMPUTED_VALUE"""),0.0) -> 0 | L66: =IFERROR(__xludf.DUMMYFUNCTION("""COMPUTED_VALUE"""),1.0) -> 1 | M66: =IFERROR(__xludf.DUMMYFUNCTION("""COMPUTED_VALUE"""),0.0) -> 0 | N66: =IFERROR(__xludf.DUMMYFUNCTION("""COMPUTED_VALUE"""),0.0) -> 0 | O66: =IFERROR(__xludf.DUMMYFUNCTION("""COMPUTED_VALUE"""),0.0) -> 0 | P66: =IFERROR(__xludf.DUMMYFUNCTION("""COMPUTED_VALUE"""),0.0) -> 0 | Q66: =IFERROR(__xludf.DUMMYFUNCTION("""COMPUTED_VALUE"""),0.0) -> 0 | R66: =IFERROR(__xludf.DUMMYFUNCTION("""COMPUTED_VALUE"""),1.0) -> 1 | S66: =IFERROR(__xludf.DUMMYFUNCTION("""COMPUTED_VALUE"""),18.0) -> 18 | T66: =IFERROR(__xludf.DUMMYFUNCTION("""COMPUTED_VALUE"""),18.0) -> 18 | U66: {=IF($D66="","",IFERROR(_xlfn.XLOOKUP($D66,'TIR店舗一覧'!$D:$D,'TIR店舗一覧'!$E:$E,""),""))} -> YD | V66: 0 | W66: 0 | X66: 0 | Y66: 0 | Z66: 0 | AA66: 18 | AB66: 0 | AC66: 0 | AD66: 0 | AE66: 0 | AF66: 0 | AG66: 18
B67: =IFERROR(__xludf.DUMMYFUNCTION("""COMPUTED_VALUE"""),46327.0) -> 46327 | C67: =IFERROR(__xludf.DUMMYFUNCTION("""COMPUTED_VALUE"""),"中部") -> 中部 | D67: =IFERROR(__xludf.DUMMYFUNCTION("""COMPUTED_VALUE"""),8456.0) -> 8456 | E67: =IFERROR(__xludf.DUMMYFUNCTION("""COMPUTED_VALUE"""),"テックランド マーサ21店") -> テックランド マーサ21店 | F67: =IFERROR(__xludf.DUMMYFUNCTION("""COMPUTED_VALUE"""),51.0) -> 51 | G67: =IFERROR(__xludf.DUMMYFUNCTION("""COMPUTED_VALUE"""),0.0) -> 0 | H67: =IFERROR(__xludf.DUMMYFUNCTION("""COMPUTED_VALUE"""),0.0) -> 0 | I67: =IFERROR(__xludf.DUMMYFUNCTION("""COMPUTED_VALUE"""),0.0) -> 0 | J67: =IFERROR(__xludf.DUMMYFUNCTION("""COMPUTED_VALUE"""),0.0) -> 0 | K67: =IFERROR(__xludf.DUMMYFUNCTION("""COMPUTED_VALUE"""),0.0) -> 0 | L67: =IFERROR(__xludf.DUMMYFUNCTION("""COMPUTED_VALUE"""),1.0) -> 1 | M67: =IFERROR(__xludf.DUMMYFUNCTION("""COMPUTED_VALUE"""),0.0) -> 0 | N67: =IFERROR(__xludf.DUMMYFUNCTION("""COMPUTED_VALUE"""),0.0) -> 0 | O67: =IFERROR(__xludf.DUMMYFUNCTION("""COMPUTED_VALUE"""),0.0) -> 0 | P67: =IFERROR(__xludf.DUMMYFUNCTION("""COMPUTED_VALUE"""),0.0) -> 0 | Q67: =IFERROR(__xludf.DUMMYFUNCTION("""COMPUTED_VALUE"""),0.0) -> 0 | R67: =IFERROR(__xludf.DUMMYFUNCTION("""COMPUTED_VALUE"""),1.0) -> 1 | S67: =IFERROR(__xludf.DUMMYFUNCTION("""COMPUTED_VALUE"""),51.0) -> 51 | T67: =IFERROR(__xludf.DUMMYFUNCTION("""COMPUTED_VALUE"""),51.0) -> 51 | U67: {=IF($D67="","",IFERROR(_xlfn.XLOOKUP($D67,'TIR店舗一覧'!$D:$D,'TIR店舗一覧'!$E:$E,""),""))} -> YD | V67: 0 | W67: 0 | X67: 0 | Y67: 0 | Z67: 0 | AA67: 51 | AB67: 0 | AC67: 0 | AD67: 0 | AE67: 0 | AF67: 0 | AG67: 51
B68: =IFERROR(__xludf.DUMMYFUNCTION("""COMPUTED_VALUE"""),46327.0) -> 46327 | C68: =IFERROR(__xludf.DUMMYFUNCTION("""COMPUTED_VALUE"""),"中部") -> 中部 | D68: =IFERROR(__xludf.DUMMYFUNCTION("""COMPUTED_VALUE"""),1487.0) -> 1487 | E68: =IFERROR(__xludf.DUMMYFUNCTION("""COMPUTED_VALUE"""),"ケーズデンキ 福井空港前店") -> ケーズデンキ 福井空港前店 | F68: =IFERROR(__xludf.DUMMYFUNCTION("""COMPUTED_VALUE"""),21.0) -> 21 | G68: =IFERROR(__xludf.DUMMYFUNCTION("""COMPUTED_VALUE"""),0.0) -> 0 | H68: =IFERROR(__xludf.DUMMYFUNCTION("""COMPUTED_VALUE"""),0.0) -> 0 | I68: =IFERROR(__xludf.DUMMYFUNCTION("""COMPUTED_VALUE"""),0.0) -> 0 | J68: =IFERROR(__xludf.DUMMYFUNCTION("""COMPUTED_VALUE"""),0.0) -> 0 | K68: =IFERROR(__xludf.DUMMYFUNCTION("""COMPUTED_VALUE"""),0.0) -> 0 | L68: =IFERROR(__xludf.DUMMYFUNCTION("""COMPUTED_VALUE"""),1.0) -> 1 | M68: =IFERROR(__xludf.DUMMYFUNCTION("""COMPUTED_VALUE"""),0.0) -> 0 | N68: =IFERROR(__xludf.DUMMYFUNCTION("""COMPUTED_VALUE"""),0.0) -> 0 | O68: =IFERROR(__xludf.DUMMYFUNCTION("""COMPUTED_VALUE"""),0.0) -> 0 | P68: =IFERROR(__xludf.DUMMYFUNCTION("""COMPUTED_VALUE"""),0.0) -> 0 | Q68: =IFERROR(__xludf.DUMMYFUNCTION("""COMPUTED_VALUE"""),0.0) -> 0 | R68: =IFERROR(__xludf.DUMMYFUNCTION("""COMPUTED_VALUE"""),1.0) -> 1 | S68: =IFERROR(__xludf.DUMMYFUNCTION("""COMPUTED_VALUE"""),21.0) -> 21 | T68: =IFERROR(__xludf.DUMMYFUNCTION("""COMPUTED_VALUE"""),21.0) -> 21 | U68: {=IF($D68="","",IFERROR(_xlfn.XLOOKUP($D68,'TIR店舗一覧'!$D:$D,'TIR店舗一覧'!$E:$E,""),""))} -> KS | V68: 0 | W68: 0 | X68: 0 | Y68: 0 | Z68: 0 | AA68: 21 | AB68: 0 | AC68: 0 | AD68: 0 | AE68: 0 | AF68: 0 | AG68: 21
B69: =IFERROR(__xludf.DUMMYFUNCTION("""COMPUTED_VALUE"""),46327.0) -> 46327 | C69: =IFERROR(__xludf.DUMMYFUNCTION("""COMPUTED_VALUE"""),"中部") -> 中部 | D69: =IFERROR(__xludf.DUMMYFUNCTION("""COMPUTED_VALUE"""),8951.0) -> 8951 | E69: =IFERROR(__xludf.DUMMYFUNCTION("""COMPUTED_VALUE"""),"ケーズデンキ 越前店") -> ケーズデンキ 越前店 | F69: =IFERROR(__xludf.DUMMYFUNCTION("""COMPUTED_VALUE"""),37.0) -> 37 | G69: =IFERROR(__xludf.DUMMYFUNCTION("""COMPUTED_VALUE"""),0.0) -> 0 | H69: =IFERROR(__xludf.DUMMYFUNCTION("""COMPUTED_VALUE"""),0.0) -> 0 | I69: =IFERROR(__xludf.DUMMYFUNCTION("""COMPUTED_VALUE"""),0.0) -> 0 | J69: =IFERROR(__xludf.DUMMYFUNCTION("""COMPUTED_VALUE"""),0.0) -> 0 | K69: =IFERROR(__xludf.DUMMYFUNCTION("""COMPUTED_VALUE"""),0.0) -> 0 | L69: =IFERROR(__xludf.DUMMYFUNCTION("""COMPUTED_VALUE"""),1.0) -> 1 | M69: =IFERROR(__xludf.DUMMYFUNCTION("""COMPUTED_VALUE"""),0.0) -> 0 | N69: =IFERROR(__xludf.DUMMYFUNCTION("""COMPUTED_VALUE"""),0.0) -> 0 | O69: =IFERROR(__xludf.DUMMYFUNCTION("""COMPUTED_VALUE"""),0.0) -> 0 | P69: =IFERROR(__xludf.DUMMYFUNCTION("""COMPUTED_VALUE"""),0.0) -> 0 | Q69: =IFERROR(__xludf.DUMMYFUNCTION("""COMPUTED_VALUE"""),0.0) -> 0 | R69: =IFERROR(__xludf.DUMMYFUNCTION("""COMPUTED_VALUE"""),1.0) -> 1 | S69: =IFERROR(__xludf.DUMMYFUNCTION("""COMPUTED_VALUE"""),37.0) -> 37 | T69: =IFERROR(__xludf.DUMMYFUNCTION("""COMPUTED_VALUE"""),37.0) -> 37 | U69: {=IF($D69="","",IFERROR(_xlfn.XLOOKUP($D69,'TIR店舗一覧'!$D:$D,'TIR店舗一覧'!$E:$E,""),""))} -> KS | V69: 0 | W69: 0 | X69: 0 | Y69: 0 | Z69: 0 | AA69: 37 | AB69: 0 | AC69: 0 | AD69: 0 | AE69: 0 | AF69: 0 | AG69: 37
B70: =IFERROR(__xludf.DUMMYFUNCTION("""COMPUTED_VALUE"""),46327.0) -> 46327 | C70: =IFERROR(__xludf.DUMMYFUNCTION("""COMPUTED_VALUE"""),"中部") -> 中部 | D70: =IFERROR(__xludf.DUMMYFUNCTION("""COMPUTED_VALUE"""),8373.0) -> 8373 | E70: =IFERROR(__xludf.DUMMYFUNCTION("""COMPUTED_VALUE"""),"エディオン 浜松半田店") -> エディオン 浜松半田店 | F70: =IFERROR(__xludf.DUMMYFUNCTION("""COMPUTED_VALUE"""),41.0) -> 41 | G70: =IFERROR(__xludf.DUMMYFUNCTION("""COMPUTED_VALUE"""),0.0) -> 0 | H70: =IFERROR(__xludf.DUMMYFUNCTION("""COMPUTED_VALUE"""),0.0) -> 0 | I70: =IFERROR(__xludf.DUMMYFUNCTION("""COMPUTED_VALUE"""),0.0) -> 0 | J70: =IFERROR(__xludf.DUMMYFUNCTION("""COMPUTED_VALUE"""),0.0) -> 0 | K70: =IFERROR(__xludf.DUMMYFUNCTION("""COMPUTED_VALUE"""),0.0) -> 0 | L70: =IFERROR(__xludf.DUMMYFUNCTION("""COMPUTED_VALUE"""),1.0) -> 1 | M70: =IFERROR(__xludf.DUMMYFUNCTION("""COMPUTED_VALUE"""),0.0) -> 0 | N70: =IFERROR(__xludf.DUMMYFUNCTION("""COMPUTED_VALUE"""),0.0) -> 0 | O70: =IFERROR(__xludf.DUMMYFUNCTION("""COMPUTED_VALUE"""),0.0) -> 0 | P70: =IFERROR(__xludf.DUMMYFUNCTION("""COMPUTED_VALUE"""),0.0) -> 0 | Q70: =IFERROR(__xludf.DUMMYFUNCTION("""COMPUTED_VALUE"""),0.0) -> 0 | R70: =IFERROR(__xludf.DUMMYFUNCTION("""COMPUTED_VALUE"""),1.0) -> 1 | S70: =IFERROR(__xludf.DUMMYFUNCTION("""COMPUTED_VALUE"""),41.0) -> 41 | T70: =IFERROR(__xludf.DUMMYFUNCTION("""COMPUTED_VALUE"""),41.0) -> 41 | U70: {=IF($D70="","",IFERROR(_xlfn.XLOOKUP($D70,'TIR店舗一覧'!$D:$D,'TIR店舗一覧'!$E:$E,""),""))} -> ED | V70: 0 | W70: 0 | X70: 0 | Y70: 0 | Z70: 0 | AA70: 41 | AB70: 0 | AC70: 0 | AD70: 0 | AE70: 0 | AF70: 0 | AG70: 41
B71: =IFERROR(__xludf.DUMMYFUNCTION("""COMPUTED_VALUE"""),46327.0) -> 46327 | C71: =IFERROR(__xludf.DUMMYFUNCTION("""COMPUTED_VALUE"""),"中部") -> 中部 | D71: =IFERROR(__xludf.DUMMYFUNCTION("""COMPUTED_VALUE"""),8279.0) -> 8279 | E71: =IFERROR(__xludf.DUMMYFUNCTION("""COMPUTED_VALUE"""),"エディオン 日進竹の山店") -> エディオン 日進竹の山店 | F71: =IFERROR(__xludf.DUMMYFUNCTION("""COMPUTED_VALUE"""),10.0) -> 10 | G71: =IFERROR(__xludf.DUMMYFUNCTION("""COMPUTED_VALUE"""),0.0) -> 0 | H71: =IFERROR(__xludf.DUMMYFUNCTION("""COMPUTED_VALUE"""),0.0) -> 0 | I71: =IFERROR(__xludf.DUMMYFUNCTION("""COMPUTED_VALUE"""),0.0) -> 0 | J71: =IFERROR(__xludf.DUMMYFUNCTION("""COMPUTED_VALUE"""),0.0) -> 0 | K71: =IFERROR(__xludf.DUMMYFUNCTION("""COMPUTED_VALUE"""),0.0) -> 0 | L71: =IFERROR(__xludf.DUMMYFUNCTION("""COMPUTED_VALUE"""),1.0) -> 1 | M71: =IFERROR(__xludf.DUMMYFUNCTION("""COMPUTED_VALUE"""),0.0) -> 0 | N71: =IFERROR(__xludf.DUMMYFUNCTION("""COMPUTED_VALUE"""),0.0) -> 0 | O71: =IFERROR(__xludf.DUMMYFUNCTION("""COMPUTED_VALUE"""),0.0) -> 0 | P71: =IFERROR(__xludf.DUMMYFUNCTION("""COMPUTED_VALUE"""),0.0) -> 0 | Q71: =IFERROR(__xludf.DUMMYFUNCTION("""COMPUTED_VALUE"""),0.0) -> 0 | R71: =IFERROR(__xludf.DUMMYFUNCTION("""COMPUTED_VALUE"""),1.0) -> 1 | S71: =IFERROR(__xludf.DUMMYFUNCTION("""COMPUTED_VALUE"""),10.0) -> 10 | T71: =IFERROR(__xludf.DUMMYFUNCTION("""COMPUTED_VALUE"""),10.0) -> 10 | U71: {=IF($D71="","",IFERROR(_xlfn.XLOOKUP($D71,'TIR店舗一覧'!$D:$D,'TIR店舗一覧'!$E:$E,""),""))} -> ED | V71: 0 | W71: 0 | X71: 0 | Y71: 0 | Z71: 0 | AA71: 10 | AB71: 0 | AC71: 0 | AD71: 0 | AE71: 0 | AF71: 0 | AG71: 10
B72: =IFERROR(__xludf.DUMMYFUNCTION("""COMPUTED_VALUE"""),46327.0) -> 46327 | C72: =IFERROR(__xludf.DUMMYFUNCTION("""COMPUTED_VALUE"""),"中部") -> 中部 | D72: =IFERROR(__xludf.DUMMYFUNCTION("""COMPUTED_VALUE"""),1007.0) -> 1007 | E72: =IFERROR(__xludf.DUMMYFUNCTION("""COMPUTED_VALUE"""),"エディオン 津島店") -> エディオン 津島店 | F72: =IFERROR(__xludf.DUMMYFUNCTION("""COMPUTED_VALUE"""),6.0) -> 6 | G72: =IFERROR(__xludf.DUMMYFUNCTION("""COMPUTED_VALUE"""),0.0) -> 0 | H72: =IFERROR(__xludf.DUMMYFUNCTION("""COMPUTED_VALUE"""),0.0) -> 0 | I72: =IFERROR(__xludf.DUMMYFUNCTION("""COMPUTED_VALUE"""),0.0) -> 0 | J72: =IFERROR(__xludf.DUMMYFUNCTION("""COMPUTED_VALUE"""),0.0) -> 0 | K72: =IFERROR(__xludf.DUMMYFUNCTION("""COMPUTED_VALUE"""),0.0) -> 0 | L72: =IFERROR(__xludf.DUMMYFUNCTION("""COMPUTED_VALUE"""),1.0) -> 1 | M72: =IFERROR(__xludf.DUMMYFUNCTION("""COMPUTED_VALUE"""),0.0) -> 0 | N72: =IFERROR(__xludf.DUMMYFUNCTION("""COMPUTED_VALUE"""),0.0) -> 0 | O72: =IFERROR(__xludf.DUMMYFUNCTION("""COMPUTED_VALUE"""),0.0) -> 0 | P72: =IFERROR(__xludf.DUMMYFUNCTION("""COMPUTED_VALUE"""),0.0) -> 0 | Q72: =IFERROR(__xludf.DUMMYFUNCTION("""COMPUTED_VALUE"""),0.0) -> 0 | R72: =IFERROR(__xludf.DUMMYFUNCTION("""COMPUTED_VALUE"""),1.0) -> 1 | S72: =IFERROR(__xludf.DUMMYFUNCTION("""COMPUTED_VALUE"""),6.0) -> 6 | T72: =IFERROR(__xludf.DUMMYFUNCTION("""COMPUTED_VALUE"""),6.0) -> 6 | U72: {=IF($D72="","",IFERROR(_xlfn.XLOOKUP($D72,'TIR店舗一覧'!$D:$D,'TIR店舗一覧'!$E:$E,""),""))} -> ED | V72: 0 | W72: 0 | X72: 0 | Y72: 0 | Z72: 0 | AA72: 6 | AB72: 0 | AC72: 0 | AD72: 0 | AE72: 0 | AF72: 0 | AG72: 6
B73: =IFERROR(__xludf.DUMMYFUNCTION("""COMPUTED_VALUE"""),46327.0) -> 46327 | C73: =IFERROR(__xludf.DUMMYFUNCTION("""COMPUTED_VALUE"""),"中部") -> 中部 | D73: =IFERROR(__xludf.DUMMYFUNCTION("""COMPUTED_VALUE"""),8372.0) -> 8372 | E73: =IFERROR(__xludf.DUMMYFUNCTION("""COMPUTED_VALUE"""),"エディオン 清水店") -> エディオン 清水店 | F73: =IFERROR(__xludf.DUMMYFUNCTION("""COMPUTED_VALUE"""),21.0) -> 21 | G73: =IFERROR(__xludf.DUMMYFUNCTION("""COMPUTED_VALUE"""),0.0) -> 0 | H73: =IFERROR(__xludf.DUMMYFUNCTION("""COMPUTED_VALUE"""),0.0) -> 0 | I73: =IFERROR(__xludf.DUMMYFUNCTION("""COMPUTED_VALUE"""),0.0) -> 0 | J73: =IFERROR(__xludf.DUMMYFUNCTION("""COMPUTED_VALUE"""),0.0) -> 0 | K73: =IFERROR(__xludf.DUMMYFUNCTION("""COMPUTED_VALUE"""),0.0) -> 0 | L73: =IFERROR(__xludf.DUMMYFUNCTION("""COMPUTED_VALUE"""),1.0) -> 1 | M73: =IFERROR(__xludf.DUMMYFUNCTION("""COMPUTED_VALUE"""),0.0) -> 0 | N73: =IFERROR(__xludf.DUMMYFUNCTION("""COMPUTED_VALUE"""),0.0) -> 0 | O73: =IFERROR(__xludf.DUMMYFUNCTION("""COMPUTED_VALUE"""),0.0) -> 0 | P73: =IFERROR(__xludf.DUMMYFUNCTION("""COMPUTED_VALUE"""),0.0) -> 0 | Q73: =IFERROR(__xludf.DUMMYFUNCTION("""COMPUTED_VALUE"""),0.0) -> 0 | R73: =IFERROR(__xludf.DUMMYFUNCTION("""COMPUTED_VALUE"""),1.0) -> 1 | S73: =IFERROR(__xludf.DUMMYFUNCTION("""COMPUTED_VALUE"""),21.0) -> 21 | T73: =IFERROR(__xludf.DUMMYFUNCTION("""COMPUTED_VALUE"""),21.0) -> 21 | U73: {=IF($D73="","",IFERROR(_xlfn.XLOOKUP($D73,'TIR店舗一覧'!$D:$D,'TIR店舗一覧'!$E:$E,""),""))} -> ED | V73: 0 | W73: 0 | X73: 0 | Y73: 0 | Z73: 0 | AA73: 21 | AB73: 0 | AC73: 0 | AD73: 0 | AE73: 0 | AF73: 0 | AG73: 21
B74: =IFERROR(__xludf.DUMMYFUNCTION("""COMPUTED_VALUE"""),46327.0) -> 46327 | C74: =IFERROR(__xludf.DUMMYFUNCTION("""COMPUTED_VALUE"""),"中部") -> 中部 | D74: =IFERROR(__xludf.DUMMYFUNCTION("""COMPUTED_VALUE"""),8290.0) -> 8290 | E74: =IFERROR(__xludf.DUMMYFUNCTION("""COMPUTED_VALUE"""),"エディオン 柴田店") -> エディオン 柴田店 | F74: =IFERROR(__xludf.DUMMYFUNCTION("""COMPUTED_VALUE"""),37.0) -> 37 | G74: =IFERROR(__xludf.DUMMYFUNCTION("""COMPUTED_VALUE"""),0.0) -> 0 | H74: =IFERROR(__xludf.DUMMYFUNCTION("""COMPUTED_VALUE"""),0.0) -> 0 | I74: =IFERROR(__xludf.DUMMYFUNCTION("""COMPUTED_VALUE"""),0.0) -> 0 | J74: =IFERROR(__xludf.DUMMYFUNCTION("""COMPUTED_VALUE"""),0.0) -> 0 | K74: =IFERROR(__xludf.DUMMYFUNCTION("""COMPUTED_VALUE"""),0.0) -> 0 | L74: =IFERROR(__xludf.DUMMYFUNCTION("""COMPUTED_VALUE"""),1.0) -> 1 | M74: =IFERROR(__xludf.DUMMYFUNCTION("""COMPUTED_VALUE"""),0.0) -> 0 | N74: =IFERROR(__xludf.DUMMYFUNCTION("""COMPUTED_VALUE"""),0.0) -> 0 | O74: =IFERROR(__xludf.DUMMYFUNCTION("""COMPUTED_VALUE"""),0.0) -> 0 | P74: =IFERROR(__xludf.DUMMYFUNCTION("""COMPUTED_VALUE"""),0.0) -> 0 | Q74: =IFERROR(__xludf.DUMMYFUNCTION("""COMPUTED_VALUE"""),0.0) -> 0 | R74: =IFERROR(__xludf.DUMMYFUNCTION("""COMPUTED_VALUE"""),1.0) -> 1 | S74: =IFERROR(__xludf.DUMMYFUNCTION("""COMPUTED_VALUE"""),37.0) -> 37 | T74: =IFERROR(__xludf.DUMMYFUNCTION("""COMPUTED_VALUE"""),37.0) -> 37 | U74: {=IF($D74="","",IFERROR(_xlfn.XLOOKUP($D74,'TIR店舗一覧'!$D:$D,'TIR店舗一覧'!$E:$E,""),""))} -> ED | V74: 0 | W74: 0 | X74: 0 | Y74: 0 | Z74: 0 | AA74: 37 | AB74: 0 | AC74: 0 | AD74: 0 | AE74: 0 | AF74: 0 | AG74: 37
B75: =IFERROR(__xludf.DUMMYFUNCTION("""COMPUTED_VALUE"""),46327.0) -> 46327 | C75: =IFERROR(__xludf.DUMMYFUNCTION("""COMPUTED_VALUE"""),"中部") -> 中部 | D75: =IFERROR(__xludf.DUMMYFUNCTION("""COMPUTED_VALUE"""),1008.0) -> 1008 | E75: =IFERROR(__xludf.DUMMYFUNCTION("""COMPUTED_VALUE"""),"エディオン 高針原店") -> エディオン 高針原店 | F75: =IFERROR(__xludf.DUMMYFUNCTION("""COMPUTED_VALUE"""),26.0) -> 26 | G75: =IFERROR(__xludf.DUMMYFUNCTION("""COMPUTED_VALUE"""),0.0) -> 0 | H75: =IFERROR(__xludf.DUMMYFUNCTION("""COMPUTED_VALUE"""),0.0) -> 0 | I75: =IFERROR(__xludf.DUMMYFUNCTION("""COMPUTED_VALUE"""),0.0) -> 0 | J75: =IFERROR(__xludf.DUMMYFUNCTION("""COMPUTED_VALUE"""),0.0) -> 0 | K75: =IFERROR(__xludf.DUMMYFUNCTION("""COMPUTED_VALUE"""),0.0) -> 0 | L75: =IFERROR(__xludf.DUMMYFUNCTION("""COMPUTED_VALUE"""),1.0) -> 1 | M75: =IFERROR(__xludf.DUMMYFUNCTION("""COMPUTED_VALUE"""),0.0) -> 0 | N75: =IFERROR(__xludf.DUMMYFUNCTION("""COMPUTED_VALUE"""),0.0) -> 0 | O75: =IFERROR(__xludf.DUMMYFUNCTION("""COMPUTED_VALUE"""),0.0) -> 0 | P75: =IFERROR(__xludf.DUMMYFUNCTION("""COMPUTED_VALUE"""),0.0) -> 0 | Q75: =IFERROR(__xludf.DUMMYFUNCTION("""COMPUTED_VALUE"""),0.0) -> 0 | R75: =IFERROR(__xludf.DUMMYFUNCTION("""COMPUTED_VALUE"""),1.0) -> 1 | S75: =IFERROR(__xludf.DUMMYFUNCTION("""COMPUTED_VALUE"""),26.0) -> 26 | T75: =IFERROR(__xludf.DUMMYFUNCTION("""COMPUTED_VALUE"""),26.0) -> 26 | U75: {=IF($D75="","",IFERROR(_xlfn.XLOOKUP($D75,'TIR店舗一覧'!$D:$D,'TIR店舗一覧'!$E:$E,""),""))} -> ED | V75: 0 | W75: 0 | X75: 0 | Y75: 0 | Z75: 0 | AA75: 26 | AB75: 0 | AC75: 0 | AD75: 0 | AE75: 0 | AF75: 0 | AG75: 26
B76: =IFERROR(__xludf.DUMMYFUNCTION("""COMPUTED_VALUE"""),46327.0) -> 46327 | C76: =IFERROR(__xludf.DUMMYFUNCTION("""COMPUTED_VALUE"""),"中部") -> 中部 | D76: =IFERROR(__xludf.DUMMYFUNCTION("""COMPUTED_VALUE"""),8544.0) -> 8544 | E76: =IFERROR(__xludf.DUMMYFUNCTION("""COMPUTED_VALUE"""),"エディオン 高山店") -> エディオン 高山店 | F76: =IFERROR(__xludf.DUMMYFUNCTION("""COMPUTED_VALUE"""),9.0) -> 9 | G76: =IFERROR(__xludf.DUMMYFUNCTION("""COMPUTED_VALUE"""),0.0) -> 0 | H76: =IFERROR(__xludf.DUMMYFUNCTION("""COMPUTED_VALUE"""),0.0) -> 0 | I76: =IFERROR(__xludf.DUMMYFUNCTION("""COMPUTED_VALUE"""),0.0) -> 0 | J76: =IFERROR(__xludf.DUMMYFUNCTION("""COMPUTED_VALUE"""),0.0) -> 0 | K76: =IFERROR(__xludf.DUMMYFUNCTION("""COMPUTED_VALUE"""),0.0) -> 0 | L76: =IFERROR(__xludf.DUMMYFUNCTION("""COMPUTED_VALUE"""),1.0) -> 1 | M76: =IFERROR(__xludf.DUMMYFUNCTION("""COMPUTED_VALUE"""),0.0) -> 0 | N76: =IFERROR(__xludf.DUMMYFUNCTION("""COMPUTED_VALUE"""),0.0) -> 0 | O76: =IFERROR(__xludf.DUMMYFUNCTION("""COMPUTED_VALUE"""),0.0) -> 0 | P76: =IFERROR(__xludf.DUMMYFUNCTION("""COMPUTED_VALUE"""),0.0) -> 0 | Q76: =IFERROR(__xludf.DUMMYFUNCTION("""COMPUTED_VALUE"""),0.0) -> 0 | R76: =IFERROR(__xludf.DUMMYFUNCTION("""COMPUTED_VALUE"""),1.0) -> 1 | S76: =IFERROR(__xludf.DUMMYFUNCTION("""COMPUTED_VALUE"""),9.0) -> 9 | T76: =IFERROR(__xludf.DUMMYFUNCTION("""COMPUTED_VALUE"""),9.0) -> 9 | U76: {=IF($D76="","",IFERROR(_xlfn.XLOOKUP($D76,'TIR店舗一覧'!$D:$D,'TIR店舗一覧'!$E:$E,""),""))} -> ED | V76: 0 | W76: 0 | X76: 0 | Y76: 0 | Z76: 0 | AA76: 9 | AB76: 0 | AC76: 0 | AD76: 0 | AE76: 0 | AF76: 0 | AG76: 9
B77: =IFERROR(__xludf.DUMMYFUNCTION("""COMPUTED_VALUE"""),46327.0) -> 46327 | C77: =IFERROR(__xludf.DUMMYFUNCTION("""COMPUTED_VALUE"""),"中部") -> 中部 | D77: =IFERROR(__xludf.DUMMYFUNCTION("""COMPUTED_VALUE"""),1040.0) -> 1040 | E77: =IFERROR(__xludf.DUMMYFUNCTION("""COMPUTED_VALUE"""),"エディオン 金沢直江店") -> エディオン 金沢直江店 | F77: =IFERROR(__xludf.DUMMYFUNCTION("""COMPUTED_VALUE"""),16.0) -> 16 | G77: =IFERROR(__xludf.DUMMYFUNCTION("""COMPUTED_VALUE"""),0.0) -> 0 | H77: =IFERROR(__xludf.DUMMYFUNCTION("""COMPUTED_VALUE"""),0.0) -> 0 | I77: =IFERROR(__xludf.DUMMYFUNCTION("""COMPUTED_VALUE"""),0.0) -> 0 | J77: =IFERROR(__xludf.DUMMYFUNCTION("""COMPUTED_VALUE"""),0.0) -> 0 | K77: =IFERROR(__xludf.DUMMYFUNCTION("""COMPUTED_VALUE"""),0.0) -> 0 | L77: =IFERROR(__xludf.DUMMYFUNCTION("""COMPUTED_VALUE"""),1.0) -> 1 | M77: =IFERROR(__xludf.DUMMYFUNCTION("""COMPUTED_VALUE"""),0.0) -> 0 | N77: =IFERROR(__xludf.DUMMYFUNCTION("""COMPUTED_VALUE"""),0.0) -> 0 | O77: =IFERROR(__xludf.DUMMYFUNCTION("""COMPUTED_VALUE"""),0.0) -> 0 | P77: =IFERROR(__xludf.DUMMYFUNCTION("""COMPUTED_VALUE"""),0.0) -> 0 | Q77: =IFERROR(__xludf.DUMMYFUNCTION("""COMPUTED_VALUE"""),0.0) -> 0 | R77: =IFERROR(__xludf.DUMMYFUNCTION("""COMPUTED_VALUE"""),1.0) -> 1 | S77: =IFERROR(__xludf.DUMMYFUNCTION("""COMPUTED_VALUE"""),16.0) -> 16 | T77: =IFERROR(__xludf.DUMMYFUNCTION("""COMPUTED_VALUE"""),16.0) -> 16 | U77: {=IF($D77="","",IFERROR(_xlfn.XLOOKUP($D77,'TIR店舗一覧'!$D:$D,'TIR店舗一覧'!$E:$E,""),""))} -> ED | V77: 0 | W77: 0 | X77: 0 | Y77: 0 | Z77: 0 | AA77: 16 | AB77: 0 | AC77: 0 | AD77: 0 | AE77: 0 | AF77: 0 | AG77: 16
B78: =IFERROR(__xludf.DUMMYFUNCTION("""COMPUTED_VALUE"""),46327.0) -> 46327 | C78: =IFERROR(__xludf.DUMMYFUNCTION("""COMPUTED_VALUE"""),"中部") -> 中部 | D78: =IFERROR(__xludf.DUMMYFUNCTION("""COMPUTED_VALUE"""),1037.0) -> 1037 | E78: =IFERROR(__xludf.DUMMYFUNCTION("""COMPUTED_VALUE"""),"エディオン 越前店") -> エディオン 越前店 | F78: =IFERROR(__xludf.DUMMYFUNCTION("""COMPUTED_VALUE"""),24.0) -> 24 | G78: =IFERROR(__xludf.DUMMYFUNCTION("""COMPUTED_VALUE"""),0.0) -> 0 | H78: =IFERROR(__xludf.DUMMYFUNCTION("""COMPUTED_VALUE"""),0.0) -> 0 | I78: =IFERROR(__xludf.DUMMYFUNCTION("""COMPUTED_VALUE"""),0.0) -> 0 | J78: =IFERROR(__xludf.DUMMYFUNCTION("""COMPUTED_VALUE"""),0.0) -> 0 | K78: =IFERROR(__xludf.DUMMYFUNCTION("""COMPUTED_VALUE"""),0.0) -> 0 | L78: =IFERROR(__xludf.DUMMYFUNCTION("""COMPUTED_VALUE"""),1.0) -> 1 | M78: =IFERROR(__xludf.DUMMYFUNCTION("""COMPUTED_VALUE"""),0.0) -> 0 | N78: =IFERROR(__xludf.DUMMYFUNCTION("""COMPUTED_VALUE"""),0.0) -> 0 | O78: =IFERROR(__xludf.DUMMYFUNCTION("""COMPUTED_VALUE"""),0.0) -> 0 | P78: =IFERROR(__xludf.DUMMYFUNCTION("""COMPUTED_VALUE"""),0.0) -> 0 | Q78: =IFERROR(__xludf.DUMMYFUNCTION("""COMPUTED_VALUE"""),0.0) -> 0 | R78: =IFERROR(__xludf.DUMMYFUNCTION("""COMPUTED_VALUE"""),1.0) -> 1 | S78: =IFERROR(__xludf.DUMMYFUNCTION("""COMPUTED_VALUE"""),24.0) -> 24 | T78: =IFERROR(__xludf.DUMMYFUNCTION("""COMPUTED_VALUE"""),24.0) -> 24 | U78: {=IF($D78="","",IFERROR(_xlfn.XLOOKUP($D78,'TIR店舗一覧'!$D:$D,'TIR店舗一覧'!$E:$E,""),""))} -> ED | V78: 0 | W78: 0 | X78: 0 | Y78: 0 | Z78: 0 | AA78: 24 | AB78: 0 | AC78: 0 | AD78: 0 | AE78: 0 | AF78: 0 | AG78: 24
B79: =IFERROR(__xludf.DUMMYFUNCTION("""COMPUTED_VALUE"""),46327.0) -> 46327 | C79: =IFERROR(__xludf.DUMMYFUNCTION("""COMPUTED_VALUE"""),"中部") -> 中部 | D79: =IFERROR(__xludf.DUMMYFUNCTION("""COMPUTED_VALUE"""),721.0) -> 721 | E79: =IFERROR(__xludf.DUMMYFUNCTION("""COMPUTED_VALUE"""),"エディオン 安城店") -> エディオン 安城店 | F79: =IFERROR(__xludf.DUMMYFUNCTION("""COMPUTED_VALUE"""),77.0) -> 77 | G79: =IFERROR(__xludf.DUMMYFUNCTION("""COMPUTED_VALUE"""),0.0) -> 0 | H79: =IFERROR(__xludf.DUMMYFUNCTION("""COMPUTED_VALUE"""),0.0) -> 0 | I79: =IFERROR(__xludf.DUMMYFUNCTION("""COMPUTED_VALUE"""),0.0) -> 0 | J79: =IFERROR(__xludf.DUMMYFUNCTION("""COMPUTED_VALUE"""),0.0) -> 0 | K79: =IFERROR(__xludf.DUMMYFUNCTION("""COMPUTED_VALUE"""),0.0) -> 0 | L79: =IFERROR(__xludf.DUMMYFUNCTION("""COMPUTED_VALUE"""),1.0) -> 1 | M79: =IFERROR(__xludf.DUMMYFUNCTION("""COMPUTED_VALUE"""),0.0) -> 0 | N79: =IFERROR(__xludf.DUMMYFUNCTION("""COMPUTED_VALUE"""),0.0) -> 0 | O79: =IFERROR(__xludf.DUMMYFUNCTION("""COMPUTED_VALUE"""),0.0) -> 0 | P79: =IFERROR(__xludf.DUMMYFUNCTION("""COMPUTED_VALUE"""),0.0) -> 0 | Q79: =IFERROR(__xludf.DUMMYFUNCTION("""COMPUTED_VALUE"""),0.0) -> 0 | R79: =IFERROR(__xludf.DUMMYFUNCTION("""COMPUTED_VALUE"""),1.0) -> 1 | S79: =IFERROR(__xludf.DUMMYFUNCTION("""COMPUTED_VALUE"""),77.0) -> 77 | T79: =IFERROR(__xludf.DUMMYFUNCTION("""COMPUTED_VALUE"""),77.0) -> 77 | U79: {=IF($D79="","",IFERROR(_xlfn.XLOOKUP($D79,'TIR店舗一覧'!$D:$D,'TIR店舗一覧'!$E:$E,""),""))} -> ED | V79: 0 | W79: 0 | X79: 0 | Y79: 0 | Z79: 0 | AA79: 77 | AB79: 0 | AC79: 0 | AD79: 0 | AE79: 0 | AF79: 0 | AG79: 77
B80: =IFERROR(__xludf.DUMMYFUNCTION("""COMPUTED_VALUE"""),46327.0) -> 46327 | C80: =IFERROR(__xludf.DUMMYFUNCTION("""COMPUTED_VALUE"""),"中部") -> 中部 | D80: =IFERROR(__xludf.DUMMYFUNCTION("""COMPUTED_VALUE"""),3141.0) -> 3141 | E80: =IFERROR(__xludf.DUMMYFUNCTION("""COMPUTED_VALUE"""),"エディオン メッツ大曽根店") -> エディオン メッツ大曽根店 | F80: =IFERROR(__xludf.DUMMYFUNCTION("""COMPUTED_VALUE"""),55.0) -> 55 | G80: =IFERROR(__xludf.DUMMYFUNCTION("""COMPUTED_VALUE"""),0.0) -> 0 | H80: =IFERROR(__xludf.DUMMYFUNCTION("""COMPUTED_VALUE"""),0.0) -> 0 | I80: =IFERROR(__xludf.DUMMYFUNCTION("""COMPUTED_VALUE"""),0.0) -> 0 | J80: =IFERROR(__xludf.DUMMYFUNCTION("""COMPUTED_VALUE"""),0.0) -> 0 | K80: =IFERROR(__xludf.DUMMYFUNCTION("""COMPUTED_VALUE"""),0.0) -> 0 | L80: =IFERROR(__xludf.DUMMYFUNCTION("""COMPUTED_VALUE"""),1.0) -> 1 | M80: =IFERROR(__xludf.DUMMYFUNCTION("""COMPUTED_VALUE"""),0.0) -> 0 | N80: =IFERROR(__xludf.DUMMYFUNCTION("""COMPUTED_VALUE"""),0.0) -> 0 | O80: =IFERROR(__xludf.DUMMYFUNCTION("""COMPUTED_VALUE"""),0.0) -> 0 | P80: =IFERROR(__xludf.DUMMYFUNCTION("""COMPUTED_VALUE"""),0.0) -> 0 | Q80: =IFERROR(__xludf.DUMMYFUNCTION("""COMPUTED_VALUE"""),0.0) -> 0 | R80: =IFERROR(__xludf.DUMMYFUNCTION("""COMPUTED_VALUE"""),1.0) -> 1 | S80: =IFERROR(__xludf.DUMMYFUNCTION("""COMPUTED_VALUE"""),55.0) -> 55 | T80: =IFERROR(__xludf.DUMMYFUNCTION("""COMPUTED_VALUE"""),55.0) -> 55 | U80: {=IF($D80="","",IFERROR(_xlfn.XLOOKUP($D80,'TIR店舗一覧'!$D:$D,'TIR店舗一覧'!$E:$E,""),""))} -> ED | V80: 0 | W80: 0 | X80: 0 | Y80: 0 | Z80: 0 | AA80: 55 | AB80: 0 | AC80: 0 | AD80: 0 | AE80: 0 | AF80: 0 | AG80: 55
B81: =IFERROR(__xludf.DUMMYFUNCTION("""COMPUTED_VALUE"""),46327.0) -> 46327 | C81: =IFERROR(__xludf.DUMMYFUNCTION("""COMPUTED_VALUE"""),"中部") -> 中部 | D81: =IFERROR(__xludf.DUMMYFUNCTION("""COMPUTED_VALUE"""),8904.0) -> 8904 | E81: =IFERROR(__xludf.DUMMYFUNCTION("""COMPUTED_VALUE"""),"エディオン イオンタウン菰野店") -> エディオン イオンタウン菰野店 | F81: =IFERROR(__xludf.DUMMYFUNCTION("""COMPUTED_VALUE"""),11.0) -> 11 | G81: =IFERROR(__xludf.DUMMYFUNCTION("""COMPUTED_VALUE"""),0.0) -> 0 | H81: =IFERROR(__xludf.DUMMYFUNCTION("""COMPUTED_VALUE"""),0.0) -> 0 | I81: =IFERROR(__xludf.DUMMYFUNCTION("""COMPUTED_VALUE"""),0.0) -> 0 | J81: =IFERROR(__xludf.DUMMYFUNCTION("""COMPUTED_VALUE"""),0.0) -> 0 | K81: =IFERROR(__xludf.DUMMYFUNCTION("""COMPUTED_VALUE"""),0.0) -> 0 | L81: =IFERROR(__xludf.DUMMYFUNCTION("""COMPUTED_VALUE"""),1.0) -> 1 | M81: =IFERROR(__xludf.DUMMYFUNCTION("""COMPUTED_VALUE"""),0.0) -> 0 | N81: =IFERROR(__xludf.DUMMYFUNCTION("""COMPUTED_VALUE"""),0.0) -> 0 | O81: =IFERROR(__xludf.DUMMYFUNCTION("""COMPUTED_VALUE"""),0.0) -> 0 | P81: =IFERROR(__xludf.DUMMYFUNCTION("""COMPUTED_VALUE"""),0.0) -> 0 | Q81: =IFERROR(__xludf.DUMMYFUNCTION("""COMPUTED_VALUE"""),0.0) -> 0 | R81: =IFERROR(__xludf.DUMMYFUNCTION("""COMPUTED_VALUE"""),1.0) -> 1 | S81: =IFERROR(__xludf.DUMMYFUNCTION("""COMPUTED_VALUE"""),11.0) -> 11 | T81: =IFERROR(__xludf.DUMMYFUNCTION("""COMPUTED_VALUE"""),11.0) -> 11 | U81: {=IF($D81="","",IFERROR(_xlfn.XLOOKUP($D81,'TIR店舗一覧'!$D:$D,'TIR店舗一覧'!$E:$E,""),""))} -> ED | V81: 0 | W81: 0 | X81: 0 | Y81: 0 | Z81: 0 | AA81: 11 | AB81: 0 | AC81: 0 | AD81: 0 | AE81: 0 | AF81: 0 | AG81: 11
B82: =IFERROR(__xludf.DUMMYFUNCTION("""COMPUTED_VALUE"""),46327.0) -> 46327 | C82: =IFERROR(__xludf.DUMMYFUNCTION("""COMPUTED_VALUE"""),"中部") -> 中部 | D82: =IFERROR(__xludf.DUMMYFUNCTION("""COMPUTED_VALUE"""),4061.0) -> 4061 | E82: =IFERROR(__xludf.DUMMYFUNCTION("""COMPUTED_VALUE"""),"エディオン イオンタウン刈谷店") -> エディオン イオンタウン刈谷店 | F82: =IFERROR(__xludf.DUMMYFUNCTION("""COMPUTED_VALUE"""),10.0) -> 10 | G82: =IFERROR(__xludf.DUMMYFUNCTION("""COMPUTED_VALUE"""),0.0) -> 0 | H82: =IFERROR(__xludf.DUMMYFUNCTION("""COMPUTED_VALUE"""),0.0) -> 0 | I82: =IFERROR(__xludf.DUMMYFUNCTION("""COMPUTED_VALUE"""),0.0) -> 0 | J82: =IFERROR(__xludf.DUMMYFUNCTION("""COMPUTED_VALUE"""),0.0) -> 0 | K82: =IFERROR(__xludf.DUMMYFUNCTION("""COMPUTED_VALUE"""),0.0) -> 0 | L82: =IFERROR(__xludf.DUMMYFUNCTION("""COMPUTED_VALUE"""),1.0) -> 1 | M82: =IFERROR(__xludf.DUMMYFUNCTION("""COMPUTED_VALUE"""),0.0) -> 0 | N82: =IFERROR(__xludf.DUMMYFUNCTION("""COMPUTED_VALUE"""),0.0) -> 0 | O82: =IFERROR(__xludf.DUMMYFUNCTION("""COMPUTED_VALUE"""),0.0) -> 0 | P82: =IFERROR(__xludf.DUMMYFUNCTION("""COMPUTED_VALUE"""),0.0) -> 0 | Q82: =IFERROR(__xludf.DUMMYFUNCTION("""COMPUTED_VALUE"""),0.0) -> 0 | R82: =IFERROR(__xludf.DUMMYFUNCTION("""COMPUTED_VALUE"""),1.0) -> 1 | S82: =IFERROR(__xludf.DUMMYFUNCTION("""COMPUTED_VALUE"""),10.0) -> 10 | T82: =IFERROR(__xludf.DUMMYFUNCTION("""COMPUTED_VALUE"""),10.0) -> 10 | U82: {=IF($D82="","",IFERROR(_xlfn.XLOOKUP($D82,'TIR店舗一覧'!$D:$D,'TIR店舗一覧'!$E:$E,""),""))} -> ED | V82: 0 | W82: 0 | X82: 0 | Y82: 0 | Z82: 0 | AA82: 10 | AB82: 0 | AC82: 0 | AD82: 0 | AE82: 0 | AF82: 0 | AG82: 10
B83: =IFERROR(__xludf.DUMMYFUNCTION("""COMPUTED_VALUE"""),46327.0) -> 46327 | C83: =IFERROR(__xludf.DUMMYFUNCTION("""COMPUTED_VALUE"""),"中部") -> 中部 | D83: =IFERROR(__xludf.DUMMYFUNCTION("""COMPUTED_VALUE"""),8492.0) -> 8492 | E83: =IFERROR(__xludf.DUMMYFUNCTION("""COMPUTED_VALUE"""),"Tecc LIFE SELECT 野々市御経塚店") -> Tecc LIFE SELECT 野々市御経塚店 | F83: =IFERROR(__xludf.DUMMYFUNCTION("""COMPUTED_VALUE"""),18.0) -> 18 | G83: =IFERROR(__xludf.DUMMYFUNCTION("""COMPUTED_VALUE"""),0.0) -> 0 | H83: =IFERROR(__xludf.DUMMYFUNCTION("""COMPUTED_VALUE"""),0.0) -> 0 | I83: =IFERROR(__xludf.DUMMYFUNCTION("""COMPUTED_VALUE"""),0.0) -> 0 | J83: =IFERROR(__xludf.DUMMYFUNCTION("""COMPUTED_VALUE"""),0.0) -> 0 | K83: =IFERROR(__xludf.DUMMYFUNCTION("""COMPUTED_VALUE"""),0.0) -> 0 | L83: =IFERROR(__xludf.DUMMYFUNCTION("""COMPUTED_VALUE"""),1.0) -> 1 | M83: =IFERROR(__xludf.DUMMYFUNCTION("""COMPUTED_VALUE"""),0.0) -> 0 | N83: =IFERROR(__xludf.DUMMYFUNCTION("""COMPUTED_VALUE"""),0.0) -> 0 | O83: =IFERROR(__xludf.DUMMYFUNCTION("""COMPUTED_VALUE"""),0.0) -> 0 | P83: =IFERROR(__xludf.DUMMYFUNCTION("""COMPUTED_VALUE"""),0.0) -> 0 | Q83: =IFERROR(__xludf.DUMMYFUNCTION("""COMPUTED_VALUE"""),0.0) -> 0 | R83: =IFERROR(__xludf.DUMMYFUNCTION("""COMPUTED_VALUE"""),1.0) -> 1 | S83: =IFERROR(__xludf.DUMMYFUNCTION("""COMPUTED_VALUE"""),18.0) -> 18 | T83: =IFERROR(__xludf.DUMMYFUNCTION("""COMPUTED_VALUE"""),18.0) -> 18 | U83: {=IF($D83="","",IFERROR(_xlfn.XLOOKUP($D83,'TIR店舗一覧'!$D:$D,'TIR店舗一覧'!$E:$E,""),""))} -> YD | V83: 0 | W83: 0 | X83: 0 | Y83: 0 | Z83: 0 | AA83: 18 | AB83: 0 | AC83: 0 | AD83: 0 | AE83: 0 | AF83: 0 | AG83: 18
B84: =IFERROR(__xludf.DUMMYFUNCTION("""COMPUTED_VALUE"""),46327.0) -> 46327 | C84: =IFERROR(__xludf.DUMMYFUNCTION("""COMPUTED_VALUE"""),"中部") -> 中部 | D84: =IFERROR(__xludf.DUMMYFUNCTION("""COMPUTED_VALUE"""),8849.0) -> 8849 | E84: =IFERROR(__xludf.DUMMYFUNCTION("""COMPUTED_VALUE"""),"Tecc LIFE SELECT 高岡店") -> Tecc LIFE SELECT 高岡店 | F84: =IFERROR(__xludf.DUMMYFUNCTION("""COMPUTED_VALUE"""),14.0) -> 14 | G84: =IFERROR(__xludf.DUMMYFUNCTION("""COMPUTED_VALUE"""),0.0) -> 0 | H84: =IFERROR(__xludf.DUMMYFUNCTION("""COMPUTED_VALUE"""),0.0) -> 0 | I84: =IFERROR(__xludf.DUMMYFUNCTION("""COMPUTED_VALUE"""),0.0) -> 0 | J84: =IFERROR(__xludf.DUMMYFUNCTION("""COMPUTED_VALUE"""),0.0) -> 0 | K84: =IFERROR(__xludf.DUMMYFUNCTION("""COMPUTED_VALUE"""),0.0) -> 0 | L84: =IFERROR(__xludf.DUMMYFUNCTION("""COMPUTED_VALUE"""),1.0) -> 1 | M84: =IFERROR(__xludf.DUMMYFUNCTION("""COMPUTED_VALUE"""),0.0) -> 0 | N84: =IFERROR(__xludf.DUMMYFUNCTION("""COMPUTED_VALUE"""),0.0) -> 0 | O84: =IFERROR(__xludf.DUMMYFUNCTION("""COMPUTED_VALUE"""),0.0) -> 0 | P84: =IFERROR(__xludf.DUMMYFUNCTION("""COMPUTED_VALUE"""),0.0) -> 0 | Q84: =IFERROR(__xludf.DUMMYFUNCTION("""COMPUTED_VALUE"""),0.0) -> 0 | R84: =IFERROR(__xludf.DUMMYFUNCTION("""COMPUTED_VALUE"""),1.0) -> 1 | S84: =IFERROR(__xludf.DUMMYFUNCTION("""COMPUTED_VALUE"""),14.0) -> 14 | T84: =IFERROR(__xludf.DUMMYFUNCTION("""COMPUTED_VALUE"""),14.0) -> 14 | U84: {=IF($D84="","",IFERROR(_xlfn.XLOOKUP($D84,'TIR店舗一覧'!$D:$D,'TIR店舗一覧'!$E:$E,""),""))} -> YD | V84: 0 | W84: 0 | X84: 0 | Y84: 0 | Z84: 0 | AA84: 14 | AB84: 0 | AC84: 0 | AD84: 0 | AE84: 0 | AF84: 0 | AG84: 14
B85: =IFERROR(__xludf.DUMMYFUNCTION("""COMPUTED_VALUE"""),46327.0) -> 46327 | C85: =IFERROR(__xludf.DUMMYFUNCTION("""COMPUTED_VALUE"""),"中部") -> 中部 | D85: =IFERROR(__xludf.DUMMYFUNCTION("""COMPUTED_VALUE"""),8539.0) -> 8539 | E85: =IFERROR(__xludf.DUMMYFUNCTION("""COMPUTED_VALUE"""),"Tecc LIFE SELECT イオンタウン大垣店") -> Tecc LIFE SELECT イオンタウン大垣店 | F85: =IFERROR(__xludf.DUMMYFUNCTION("""COMPUTED_VALUE"""),30.0) -> 30 | G85: =IFERROR(__xludf.DUMMYFUNCTION("""COMPUTED_VALUE"""),0.0) -> 0 | H85: =IFERROR(__xludf.DUMMYFUNCTION("""COMPUTED_VALUE"""),0.0) -> 0 | I85: =IFERROR(__xludf.DUMMYFUNCTION("""COMPUTED_VALUE"""),0.0) -> 0 | J85: =IFERROR(__xludf.DUMMYFUNCTION("""COMPUTED_VALUE"""),0.0) -> 0 | K85: =IFERROR(__xludf.DUMMYFUNCTION("""COMPUTED_VALUE"""),0.0) -> 0 | L85: =IFERROR(__xludf.DUMMYFUNCTION("""COMPUTED_VALUE"""),1.0) -> 1 | M85: =IFERROR(__xludf.DUMMYFUNCTION("""COMPUTED_VALUE"""),0.0) -> 0 | N85: =IFERROR(__xludf.DUMMYFUNCTION("""COMPUTED_VALUE"""),0.0) -> 0 | O85: =IFERROR(__xludf.DUMMYFUNCTION("""COMPUTED_VALUE"""),0.0) -> 0 | P85: =IFERROR(__xludf.DUMMYFUNCTION("""COMPUTED_VALUE"""),0.0) -> 0 | Q85: =IFERROR(__xludf.DUMMYFUNCTION("""COMPUTED_VALUE"""),0.0) -> 0 | R85: =IFERROR(__xludf.DUMMYFUNCTION("""COMPUTED_VALUE"""),1.0) -> 1 | S85: =IFERROR(__xludf.DUMMYFUNCTION("""COMPUTED_VALUE"""),30.0) -> 30 | T85: =IFERROR(__xludf.DUMMYFUNCTION("""COMPUTED_VALUE"""),30.0) -> 30 | U85: {=IF($D85="","",IFERROR(_xlfn.XLOOKUP($D85,'TIR店舗一覧'!$D:$D,'TIR店舗一覧'!$E:$E,""),""))} -> YD | V85: 0 | W85: 0 | X85: 0 | Y85: 0 | Z85: 0 | AA85: 30 | AB85: 0 | AC85: 0 | AD85: 0 | AE85: 0 | AF85: 0 | AG85: 30
B86: =IFERROR(__xludf.DUMMYFUNCTION("""COMPUTED_VALUE"""),46327.0) -> 46327 | C86: =IFERROR(__xludf.DUMMYFUNCTION("""COMPUTED_VALUE"""),"関西") -> 関西 | D86: =IFERROR(__xludf.DUMMYFUNCTION("""COMPUTED_VALUE"""),6441.0) -> 6441 | E86: =IFERROR(__xludf.DUMMYFUNCTION("""COMPUTED_VALUE"""),"ヤマダデンキ LABI三宮") -> ヤマダデンキ LABI三宮 | F86: =IFERROR(__xludf.DUMMYFUNCTION("""COMPUTED_VALUE"""),63.0) -> 63 | G86: =IFERROR(__xludf.DUMMYFUNCTION("""COMPUTED_VALUE"""),0.0) -> 0 | H86: =IFERROR(__xludf.DUMMYFUNCTION("""COMPUTED_VALUE"""),0.0) -> 0 | I86: =IFERROR(__xludf.DUMMYFUNCTION("""COMPUTED_VALUE"""),0.0) -> 0 | J86: =IFERROR(__xludf.DUMMYFUNCTION("""COMPUTED_VALUE"""),0.0) -> 0 | K86: =IFERROR(__xludf.DUMMYFUNCTION("""COMPUTED_VALUE"""),0.0) -> 0 | L86: =IFERROR(__xludf.DUMMYFUNCTION("""COMPUTED_VALUE"""),1.0) -> 1 | M86: =IFERROR(__xludf.DUMMYFUNCTION("""COMPUTED_VALUE"""),0.0) -> 0 | N86: =IFERROR(__xludf.DUMMYFUNCTION("""COMPUTED_VALUE"""),0.0) -> 0 | O86: =IFERROR(__xludf.DUMMYFUNCTION("""COMPUTED_VALUE"""),0.0) -> 0 | P86: =IFERROR(__xludf.DUMMYFUNCTION("""COMPUTED_VALUE"""),0.0) -> 0 | Q86: =IFERROR(__xludf.DUMMYFUNCTION("""COMPUTED_VALUE"""),0.0) -> 0 | R86: =IFERROR(__xludf.DUMMYFUNCTION("""COMPUTED_VALUE"""),1.0) -> 1 | S86: =IFERROR(__xludf.DUMMYFUNCTION("""COMPUTED_VALUE"""),63.0) -> 63 | T86: =IFERROR(__xludf.DUMMYFUNCTION("""COMPUTED_VALUE"""),63.0) -> 63 | U86: {=IF($D86="","",IFERROR(_xlfn.XLOOKUP($D86,'TIR店舗一覧'!$D:$D,'TIR店舗一覧'!$E:$E,""),""))} -> YD | V86: 0 | W86: 0 | X86: 0 | Y86: 0 | Z86: 0 | AA86: 63 | AB86: 0 | AC86: 0 | AD86: 0 | AE86: 0 | AF86: 0 | AG86: 63
B87: =IFERROR(__xludf.DUMMYFUNCTION("""COMPUTED_VALUE"""),46327.0) -> 46327 | C87: =IFERROR(__xludf.DUMMYFUNCTION("""COMPUTED_VALUE"""),"関西") -> 関西 | D87: =IFERROR(__xludf.DUMMYFUNCTION("""COMPUTED_VALUE"""),6651.0) -> 6651 | E87: =IFERROR(__xludf.DUMMYFUNCTION("""COMPUTED_VALUE"""),"ヤマダデンキ LABI1 LIFE SELECT なんば") -> ヤマダデンキ LABI1 LIFE SELECT なんば | F87: =IFERROR(__xludf.DUMMYFUNCTION("""COMPUTED_VALUE"""),125.0) -> 125 | G87: =IFERROR(__xludf.DUMMYFUNCTION("""COMPUTED_VALUE"""),0.0) -> 0 | H87: =IFERROR(__xludf.DUMMYFUNCTION("""COMPUTED_VALUE"""),0.0) -> 0 | I87: =IFERROR(__xludf.DUMMYFUNCTION("""COMPUTED_VALUE"""),0.0) -> 0 | J87: =IFERROR(__xludf.DUMMYFUNCTION("""COMPUTED_VALUE"""),0.0) -> 0 | K87: =IFERROR(__xludf.DUMMYFUNCTION("""COMPUTED_VALUE"""),0.0) -> 0 | L87: =IFERROR(__xludf.DUMMYFUNCTION("""COMPUTED_VALUE"""),1.0) -> 1 | M87: =IFERROR(__xludf.DUMMYFUNCTION("""COMPUTED_VALUE"""),0.0) -> 0 | N87: =IFERROR(__xludf.DUMMYFUNCTION("""COMPUTED_VALUE"""),0.0) -> 0 | O87: =IFERROR(__xludf.DUMMYFUNCTION("""COMPUTED_VALUE"""),0.0) -> 0 | P87: =IFERROR(__xludf.DUMMYFUNCTION("""COMPUTED_VALUE"""),0.0) -> 0 | Q87: =IFERROR(__xludf.DUMMYFUNCTION("""COMPUTED_VALUE"""),0.0) -> 0 | R87: =IFERROR(__xludf.DUMMYFUNCTION("""COMPUTED_VALUE"""),1.0) -> 1 | S87: =IFERROR(__xludf.DUMMYFUNCTION("""COMPUTED_VALUE"""),125.0) -> 125 | T87: =IFERROR(__xludf.DUMMYFUNCTION("""COMPUTED_VALUE"""),125.0) -> 125 | U87: {=IF($D87="","",IFERROR(_xlfn.XLOOKUP($D87,'TIR店舗一覧'!$D:$D,'TIR店舗一覧'!$E:$E,""),""))} -> YD | V87: 0 | W87: 0 | X87: 0 | Y87: 0 | Z87: 0 | AA87: 125 | AB87: 0 | AC87: 0 | AD87: 0 | AE87: 0 | AF87: 0 | AG87: 125
B88: =IFERROR(__xludf.DUMMYFUNCTION("""COMPUTED_VALUE"""),46327.0) -> 46327 | C88: =IFERROR(__xludf.DUMMYFUNCTION("""COMPUTED_VALUE"""),"関西") -> 関西 | D88: =IFERROR(__xludf.DUMMYFUNCTION("""COMPUTED_VALUE"""),8947.0) -> 8947 | E88: =IFERROR(__xludf.DUMMYFUNCTION("""COMPUTED_VALUE"""),"テックランド竜野店") -> テックランド竜野店 | F88: =IFERROR(__xludf.DUMMYFUNCTION("""COMPUTED_VALUE"""),22.0) -> 22 | G88: =IFERROR(__xludf.DUMMYFUNCTION("""COMPUTED_VALUE"""),0.0) -> 0 | H88: =IFERROR(__xludf.DUMMYFUNCTION("""COMPUTED_VALUE"""),0.0) -> 0 | I88: =IFERROR(__xludf.DUMMYFUNCTION("""COMPUTED_VALUE"""),0.0) -> 0 | J88: =IFERROR(__xludf.DUMMYFUNCTION("""COMPUTED_VALUE"""),0.0) -> 0 | K88: =IFERROR(__xludf.DUMMYFUNCTION("""COMPUTED_VALUE"""),0.0) -> 0 | L88: =IFERROR(__xludf.DUMMYFUNCTION("""COMPUTED_VALUE"""),1.0) -> 1 | M88: =IFERROR(__xludf.DUMMYFUNCTION("""COMPUTED_VALUE"""),0.0) -> 0 | N88: =IFERROR(__xludf.DUMMYFUNCTION("""COMPUTED_VALUE"""),0.0) -> 0 | O88: =IFERROR(__xludf.DUMMYFUNCTION("""COMPUTED_VALUE"""),0.0) -> 0 | P88: =IFERROR(__xludf.DUMMYFUNCTION("""COMPUTED_VALUE"""),0.0) -> 0 | Q88: =IFERROR(__xludf.DUMMYFUNCTION("""COMPUTED_VALUE"""),0.0) -> 0 | R88: =IFERROR(__xludf.DUMMYFUNCTION("""COMPUTED_VALUE"""),1.0) -> 1 | S88: =IFERROR(__xludf.DUMMYFUNCTION("""COMPUTED_VALUE"""),22.0) -> 22 | T88: =IFERROR(__xludf.DUMMYFUNCTION("""COMPUTED_VALUE"""),22.0) -> 22 | U88: {=IF($D88="","",IFERROR(_xlfn.XLOOKUP($D88,'TIR店舗一覧'!$D:$D,'TIR店舗一覧'!$E:$E,""),""))} -> YD | V88: 0 | W88: 0 | X88: 0 | Y88: 0 | Z88: 0 | AA88: 22 | AB88: 0 | AC88: 0 | AD88: 0 | AE88: 0 | AF88: 0 | AG88: 22
B89: =IFERROR(__xludf.DUMMYFUNCTION("""COMPUTED_VALUE"""),46327.0) -> 46327 | C89: =IFERROR(__xludf.DUMMYFUNCTION("""COMPUTED_VALUE"""),"関西") -> 関西 | D89: =IFERROR(__xludf.DUMMYFUNCTION("""COMPUTED_VALUE"""),8125.0) -> 8125 | E89: =IFERROR(__xludf.DUMMYFUNCTION("""COMPUTED_VALUE"""),"テックランド羽曳野店") -> テックランド羽曳野店 | F89: =IFERROR(__xludf.DUMMYFUNCTION("""COMPUTED_VALUE"""),21.0) -> 21 | G89: =IFERROR(__xludf.DUMMYFUNCTION("""COMPUTED_VALUE"""),0.0) -> 0 | H89: =IFERROR(__xludf.DUMMYFUNCTION("""COMPUTED_VALUE"""),0.0) -> 0 | I89: =IFERROR(__xludf.DUMMYFUNCTION("""COMPUTED_VALUE"""),0.0) -> 0 | J89: =IFERROR(__xludf.DUMMYFUNCTION("""COMPUTED_VALUE"""),0.0) -> 0 | K89: =IFERROR(__xludf.DUMMYFUNCTION("""COMPUTED_VALUE"""),0.0) -> 0 | L89: =IFERROR(__xludf.DUMMYFUNCTION("""COMPUTED_VALUE"""),1.0) -> 1 | M89: =IFERROR(__xludf.DUMMYFUNCTION("""COMPUTED_VALUE"""),0.0) -> 0 | N89: =IFERROR(__xludf.DUMMYFUNCTION("""COMPUTED_VALUE"""),0.0) -> 0 | O89: =IFERROR(__xludf.DUMMYFUNCTION("""COMPUTED_VALUE"""),0.0) -> 0 | P89: =IFERROR(__xludf.DUMMYFUNCTION("""COMPUTED_VALUE"""),0.0) -> 0 | Q89: =IFERROR(__xludf.DUMMYFUNCTION("""COMPUTED_VALUE"""),0.0) -> 0 | R89: =IFERROR(__xludf.DUMMYFUNCTION("""COMPUTED_VALUE"""),1.0) -> 1 | S89: =IFERROR(__xludf.DUMMYFUNCTION("""COMPUTED_VALUE"""),21.0) -> 21 | T89: =IFERROR(__xludf.DUMMYFUNCTION("""COMPUTED_VALUE"""),21.0) -> 21 | U89: {=IF($D89="","",IFERROR(_xlfn.XLOOKUP($D89,'TIR店舗一覧'!$D:$D,'TIR店舗一覧'!$E:$E,""),""))} -> YD | V89: 0 | W89: 0 | X89: 0 | Y89: 0 | Z89: 0 | AA89: 21 | AB89: 0 | AC89: 0 | AD89: 0 | AE89: 0 | AF89: 0 | AG89: 21
B90: =IFERROR(__xludf.DUMMYFUNCTION("""COMPUTED_VALUE"""),46327.0) -> 46327 | C90: =IFERROR(__xludf.DUMMYFUNCTION("""COMPUTED_VALUE"""),"関西") -> 関西 | D90: =IFERROR(__xludf.DUMMYFUNCTION("""COMPUTED_VALUE"""),7852.0) -> 7852 | E90: =IFERROR(__xludf.DUMMYFUNCTION("""COMPUTED_VALUE"""),"テックランドムサシ姫路店") -> テックランドムサシ姫路店 | F90: =IFERROR(__xludf.DUMMYFUNCTION("""COMPUTED_VALUE"""),12.0) -> 12 | G90: =IFERROR(__xludf.DUMMYFUNCTION("""COMPUTED_VALUE"""),0.0) -> 0 | H90: =IFERROR(__xludf.DUMMYFUNCTION("""COMPUTED_VALUE"""),0.0) -> 0 | I90: =IFERROR(__xludf.DUMMYFUNCTION("""COMPUTED_VALUE"""),0.0) -> 0 | J90: =IFERROR(__xludf.DUMMYFUNCTION("""COMPUTED_VALUE"""),0.0) -> 0 | K90: =IFERROR(__xludf.DUMMYFUNCTION("""COMPUTED_VALUE"""),0.0) -> 0 | L90: =IFERROR(__xludf.DUMMYFUNCTION("""COMPUTED_VALUE"""),1.0) -> 1 | M90: =IFERROR(__xludf.DUMMYFUNCTION("""COMPUTED_VALUE"""),0.0) -> 0 | N90: =IFERROR(__xludf.DUMMYFUNCTION("""COMPUTED_VALUE"""),0.0) -> 0 | O90: =IFERROR(__xludf.DUMMYFUNCTION("""COMPUTED_VALUE"""),0.0) -> 0 | P90: =IFERROR(__xludf.DUMMYFUNCTION("""COMPUTED_VALUE"""),0.0) -> 0 | Q90: =IFERROR(__xludf.DUMMYFUNCTION("""COMPUTED_VALUE"""),0.0) -> 0 | R90: =IFERROR(__xludf.DUMMYFUNCTION("""COMPUTED_VALUE"""),1.0) -> 1 | S90: =IFERROR(__xludf.DUMMYFUNCTION("""COMPUTED_VALUE"""),12.0) -> 12 | T90: =IFERROR(__xludf.DUMMYFUNCTION("""COMPUTED_VALUE"""),12.0) -> 12 | U90: {=IF($D90="","",IFERROR(_xlfn.XLOOKUP($D90,'TIR店舗一覧'!$D:$D,'TIR店舗一覧'!$E:$E,""),""))} -> YD | V90: 0 | W90: 0 | X90: 0 | Y90: 0 | Z90: 0 | AA90: 12 | AB90: 0 | AC90: 0 | AD90: 0 | AE90: 0 | AF90: 0 | AG90: 12
B91: =IFERROR(__xludf.DUMMYFUNCTION("""COMPUTED_VALUE"""),46327.0) -> 46327 | C91: =IFERROR(__xludf.DUMMYFUNCTION("""COMPUTED_VALUE"""),"関西") -> 関西 | D91: =IFERROR(__xludf.DUMMYFUNCTION("""COMPUTED_VALUE"""),8410.0) -> 8410 | E91: =IFERROR(__xludf.DUMMYFUNCTION("""COMPUTED_VALUE"""),"テックランド 芦屋店") -> テックランド 芦屋店 | F91: =IFERROR(__xludf.DUMMYFUNCTION("""COMPUTED_VALUE"""),22.0) -> 22 | G91: =IFERROR(__xludf.DUMMYFUNCTION("""COMPUTED_VALUE"""),0.0) -> 0 | H91: =IFERROR(__xludf.DUMMYFUNCTION("""COMPUTED_VALUE"""),0.0) -> 0 | I91: =IFERROR(__xludf.DUMMYFUNCTION("""COMPUTED_VALUE"""),0.0) -> 0 | J91: =IFERROR(__xludf.DUMMYFUNCTION("""COMPUTED_VALUE"""),0.0) -> 0 | K91: =IFERROR(__xludf.DUMMYFUNCTION("""COMPUTED_VALUE"""),0.0) -> 0 | L91: =IFERROR(__xludf.DUMMYFUNCTION("""COMPUTED_VALUE"""),1.0) -> 1 | M91: =IFERROR(__xludf.DUMMYFUNCTION("""COMPUTED_VALUE"""),0.0) -> 0 | N91: =IFERROR(__xludf.DUMMYFUNCTION("""COMPUTED_VALUE"""),0.0) -> 0 | O91: =IFERROR(__xludf.DUMMYFUNCTION("""COMPUTED_VALUE"""),0.0) -> 0 | P91: =IFERROR(__xludf.DUMMYFUNCTION("""COMPUTED_VALUE"""),0.0) -> 0 | Q91: =IFERROR(__xludf.DUMMYFUNCTION("""COMPUTED_VALUE"""),0.0) -> 0 | R91: =IFERROR(__xludf.DUMMYFUNCTION("""COMPUTED_VALUE"""),1.0) -> 1 | S91: =IFERROR(__xludf.DUMMYFUNCTION("""COMPUTED_VALUE"""),22.0) -> 22 | T91: =IFERROR(__xludf.DUMMYFUNCTION("""COMPUTED_VALUE"""),22.0) -> 22 | U91: {=IF($D91="","",IFERROR(_xlfn.XLOOKUP($D91,'TIR店舗一覧'!$D:$D,'TIR店舗一覧'!$E:$E,""),""))} -> YD | V91: 0 | W91: 0 | X91: 0 | Y91: 0 | Z91: 0 | AA91: 22 | AB91: 0 | AC91: 0 | AD91: 0 | AE91: 0 | AF91: 0 | AG91: 22
B92: =IFERROR(__xludf.DUMMYFUNCTION("""COMPUTED_VALUE"""),46327.0) -> 46327 | C92: =IFERROR(__xludf.DUMMYFUNCTION("""COMPUTED_VALUE"""),"関西") -> 関西 | D92: =IFERROR(__xludf.DUMMYFUNCTION("""COMPUTED_VALUE"""),8457.0) -> 8457 | E92: =IFERROR(__xludf.DUMMYFUNCTION("""COMPUTED_VALUE"""),"テックランド ららぽーと堺店") -> テックランド ららぽーと堺店 | F92: =IFERROR(__xludf.DUMMYFUNCTION("""COMPUTED_VALUE"""),14.0) -> 14 | G92: =IFERROR(__xludf.DUMMYFUNCTION("""COMPUTED_VALUE"""),0.0) -> 0 | H92: =IFERROR(__xludf.DUMMYFUNCTION("""COMPUTED_VALUE"""),0.0) -> 0 | I92: =IFERROR(__xludf.DUMMYFUNCTION("""COMPUTED_VALUE"""),0.0) -> 0 | J92: =IFERROR(__xludf.DUMMYFUNCTION("""COMPUTED_VALUE"""),0.0) -> 0 | K92: =IFERROR(__xludf.DUMMYFUNCTION("""COMPUTED_VALUE"""),0.0) -> 0 | L92: =IFERROR(__xludf.DUMMYFUNCTION("""COMPUTED_VALUE"""),1.0) -> 1 | M92: =IFERROR(__xludf.DUMMYFUNCTION("""COMPUTED_VALUE"""),0.0) -> 0 | N92: =IFERROR(__xludf.DUMMYFUNCTION("""COMPUTED_VALUE"""),0.0) -> 0 | O92: =IFERROR(__xludf.DUMMYFUNCTION("""COMPUTED_VALUE"""),0.0) -> 0 | P92: =IFERROR(__xludf.DUMMYFUNCTION("""COMPUTED_VALUE"""),0.0) -> 0 | Q92: =IFERROR(__xludf.DUMMYFUNCTION("""COMPUTED_VALUE"""),0.0) -> 0 | R92: =IFERROR(__xludf.DUMMYFUNCTION("""COMPUTED_VALUE"""),1.0) -> 1 | S92: =IFERROR(__xludf.DUMMYFUNCTION("""COMPUTED_VALUE"""),14.0) -> 14 | T92: =IFERROR(__xludf.DUMMYFUNCTION("""COMPUTED_VALUE"""),14.0) -> 14 | U92: {=IF($D92="","",IFERROR(_xlfn.XLOOKUP($D92,'TIR店舗一覧'!$D:$D,'TIR店舗一覧'!$E:$E,""),""))} -> YD | V92: 0 | W92: 0 | X92: 0 | Y92: 0 | Z92: 0 | AA92: 14 | AB92: 0 | AC92: 0 | AD92: 0 | AE92: 0 | AF92: 0 | AG92: 14
B93: =IFERROR(__xludf.DUMMYFUNCTION("""COMPUTED_VALUE"""),46327.0) -> 46327 | C93: =IFERROR(__xludf.DUMMYFUNCTION("""COMPUTED_VALUE"""),"関西") -> 関西 | D93: =IFERROR(__xludf.DUMMYFUNCTION("""COMPUTED_VALUE"""),8887.0) -> 8887 | E93: =IFERROR(__xludf.DUMMYFUNCTION("""COMPUTED_VALUE"""),"ジョーシン 淡路店") -> ジョーシン 淡路店 | F93: =IFERROR(__xludf.DUMMYFUNCTION("""COMPUTED_VALUE"""),14.0) -> 14 | G93: =IFERROR(__xludf.DUMMYFUNCTION("""COMPUTED_VALUE"""),0.0) -> 0 | H93: =IFERROR(__xludf.DUMMYFUNCTION("""COMPUTED_VALUE"""),0.0) -> 0 | I93: =IFERROR(__xludf.DUMMYFUNCTION("""COMPUTED_VALUE"""),0.0) -> 0 | J93: =IFERROR(__xludf.DUMMYFUNCTION("""COMPUTED_VALUE"""),0.0) -> 0 | K93: =IFERROR(__xludf.DUMMYFUNCTION("""COMPUTED_VALUE"""),0.0) -> 0 | L93: =IFERROR(__xludf.DUMMYFUNCTION("""COMPUTED_VALUE"""),1.0) -> 1 | M93: =IFERROR(__xludf.DUMMYFUNCTION("""COMPUTED_VALUE"""),0.0) -> 0 | N93: =IFERROR(__xludf.DUMMYFUNCTION("""COMPUTED_VALUE"""),0.0) -> 0 | O93: =IFERROR(__xludf.DUMMYFUNCTION("""COMPUTED_VALUE"""),0.0) -> 0 | P93: =IFERROR(__xludf.DUMMYFUNCTION("""COMPUTED_VALUE"""),0.0) -> 0 | Q93: =IFERROR(__xludf.DUMMYFUNCTION("""COMPUTED_VALUE"""),0.0) -> 0 | R93: =IFERROR(__xludf.DUMMYFUNCTION("""COMPUTED_VALUE"""),1.0) -> 1 | S93: =IFERROR(__xludf.DUMMYFUNCTION("""COMPUTED_VALUE"""),14.0) -> 14 | T93: =IFERROR(__xludf.DUMMYFUNCTION("""COMPUTED_VALUE"""),14.0) -> 14 | U93: {=IF($D93="","",IFERROR(_xlfn.XLOOKUP($D93,'TIR店舗一覧'!$D:$D,'TIR店舗一覧'!$E:$E,""),""))} -> JO | V93: 0 | W93: 0 | X93: 0 | Y93: 0 | Z93: 0 | AA93: 14 | AB93: 0 | AC93: 0 | AD93: 0 | AE93: 0 | AF93: 0 | AG93: 14
B94: =IFERROR(__xludf.DUMMYFUNCTION("""COMPUTED_VALUE"""),46327.0) -> 46327 | C94: =IFERROR(__xludf.DUMMYFUNCTION("""COMPUTED_VALUE"""),"関西") -> 関西 | D94: =IFERROR(__xludf.DUMMYFUNCTION("""COMPUTED_VALUE"""),8886.0) -> 8886 | E94: =IFERROR(__xludf.DUMMYFUNCTION("""COMPUTED_VALUE"""),"ジョーシン 社店") -> ジョーシン 社店 | F94: =IFERROR(__xludf.DUMMYFUNCTION("""COMPUTED_VALUE"""),6.0) -> 6 | G94: =IFERROR(__xludf.DUMMYFUNCTION("""COMPUTED_VALUE"""),0.0) -> 0 | H94: =IFERROR(__xludf.DUMMYFUNCTION("""COMPUTED_VALUE"""),0.0) -> 0 | I94: =IFERROR(__xludf.DUMMYFUNCTION("""COMPUTED_VALUE"""),0.0) -> 0 | J94: =IFERROR(__xludf.DUMMYFUNCTION("""COMPUTED_VALUE"""),0.0) -> 0 | K94: =IFERROR(__xludf.DUMMYFUNCTION("""COMPUTED_VALUE"""),0.0) -> 0 | L94: =IFERROR(__xludf.DUMMYFUNCTION("""COMPUTED_VALUE"""),1.0) -> 1 | M94: =IFERROR(__xludf.DUMMYFUNCTION("""COMPUTED_VALUE"""),0.0) -> 0 | N94: =IFERROR(__xludf.DUMMYFUNCTION("""COMPUTED_VALUE"""),0.0) -> 0 | O94: =IFERROR(__xludf.DUMMYFUNCTION("""COMPUTED_VALUE"""),0.0) -> 0 | P94: =IFERROR(__xludf.DUMMYFUNCTION("""COMPUTED_VALUE"""),0.0) -> 0 | Q94: =IFERROR(__xludf.DUMMYFUNCTION("""COMPUTED_VALUE"""),0.0) -> 0 | R94: =IFERROR(__xludf.DUMMYFUNCTION("""COMPUTED_VALUE"""),1.0) -> 1 | S94: =IFERROR(__xludf.DUMMYFUNCTION("""COMPUTED_VALUE"""),6.0) -> 6 | T94: =IFERROR(__xludf.DUMMYFUNCTION("""COMPUTED_VALUE"""),6.0) -> 6 | U94: {=IF($D94="","",IFERROR(_xlfn.XLOOKUP($D94,'TIR店舗一覧'!$D:$D,'TIR店舗一覧'!$E:$E,""),""))} -> JO | V94: 0 | W94: 0 | X94: 0 | Y94: 0 | Z94: 0 | AA94: 6 | AB94: 0 | AC94: 0 | AD94: 0 | AE94: 0 | AF94: 0 | AG94: 6
B95: =IFERROR(__xludf.DUMMYFUNCTION("""COMPUTED_VALUE"""),46327.0) -> 46327 | C95: =IFERROR(__xludf.DUMMYFUNCTION("""COMPUTED_VALUE"""),"関西") -> 関西 | D95: =IFERROR(__xludf.DUMMYFUNCTION("""COMPUTED_VALUE"""),8884.0) -> 8884 | E95: =IFERROR(__xludf.DUMMYFUNCTION("""COMPUTED_VALUE"""),"ジョーシン 郡山店") -> ジョーシン 郡山店 | F95: =IFERROR(__xludf.DUMMYFUNCTION("""COMPUTED_VALUE"""),16.0) -> 16 | G95: =IFERROR(__xludf.DUMMYFUNCTION("""COMPUTED_VALUE"""),0.0) -> 0 | H95: =IFERROR(__xludf.DUMMYFUNCTION("""COMPUTED_VALUE"""),0.0) -> 0 | I95: =IFERROR(__xludf.DUMMYFUNCTION("""COMPUTED_VALUE"""),0.0) -> 0 | J95: =IFERROR(__xludf.DUMMYFUNCTION("""COMPUTED_VALUE"""),0.0) -> 0 | K95: =IFERROR(__xludf.DUMMYFUNCTION("""COMPUTED_VALUE"""),0.0) -> 0 | L95: =IFERROR(__xludf.DUMMYFUNCTION("""COMPUTED_VALUE"""),1.0) -> 1 | M95: =IFERROR(__xludf.DUMMYFUNCTION("""COMPUTED_VALUE"""),0.0) -> 0 | N95: =IFERROR(__xludf.DUMMYFUNCTION("""COMPUTED_VALUE"""),0.0) -> 0 | O95: =IFERROR(__xludf.DUMMYFUNCTION("""COMPUTED_VALUE"""),0.0) -> 0 | P95: =IFERROR(__xludf.DUMMYFUNCTION("""COMPUTED_VALUE"""),0.0) -> 0 | Q95: =IFERROR(__xludf.DUMMYFUNCTION("""COMPUTED_VALUE"""),0.0) -> 0 | R95: =IFERROR(__xludf.DUMMYFUNCTION("""COMPUTED_VALUE"""),1.0) -> 1 | S95: =IFERROR(__xludf.DUMMYFUNCTION("""COMPUTED_VALUE"""),16.0) -> 16 | T95: =IFERROR(__xludf.DUMMYFUNCTION("""COMPUTED_VALUE"""),16.0) -> 16 | U95: {=IF($D95="","",IFERROR(_xlfn.XLOOKUP($D95,'TIR店舗一覧'!$D:$D,'TIR店舗一覧'!$E:$E,""),""))} -> JO | V95: 0 | W95: 0 | X95: 0 | Y95: 0 | Z95: 0 | AA95: 16 | AB95: 0 | AC95: 0 | AD95: 0 | AE95: 0 | AF95: 0 | AG95: 16
B96: =IFERROR(__xludf.DUMMYFUNCTION("""COMPUTED_VALUE"""),46327.0) -> 46327 | C96: =IFERROR(__xludf.DUMMYFUNCTION("""COMPUTED_VALUE"""),"関西") -> 関西 | D96: =IFERROR(__xludf.DUMMYFUNCTION("""COMPUTED_VALUE"""),1485.0) -> 1485 | E96: =IFERROR(__xludf.DUMMYFUNCTION("""COMPUTED_VALUE"""),"ケーズデンキ 田辺店") -> ケーズデンキ 田辺店 | F96: =IFERROR(__xludf.DUMMYFUNCTION("""COMPUTED_VALUE"""),19.0) -> 19 | G96: =IFERROR(__xludf.DUMMYFUNCTION("""COMPUTED_VALUE"""),0.0) -> 0 | H96: =IFERROR(__xludf.DUMMYFUNCTION("""COMPUTED_VALUE"""),0.0) -> 0 | I96: =IFERROR(__xludf.DUMMYFUNCTION("""COMPUTED_VALUE"""),0.0) -> 0 | J96: =IFERROR(__xludf.DUMMYFUNCTION("""COMPUTED_VALUE"""),0.0) -> 0 | K96: =IFERROR(__xludf.DUMMYFUNCTION("""COMPUTED_VALUE"""),0.0) -> 0 | L96: =IFERROR(__xludf.DUMMYFUNCTION("""COMPUTED_VALUE"""),1.0) -> 1 | M96: =IFERROR(__xludf.DUMMYFUNCTION("""COMPUTED_VALUE"""),0.0) -> 0 | N96: =IFERROR(__xludf.DUMMYFUNCTION("""COMPUTED_VALUE"""),0.0) -> 0 | O96: =IFERROR(__xludf.DUMMYFUNCTION("""COMPUTED_VALUE"""),0.0) -> 0 | P96: =IFERROR(__xludf.DUMMYFUNCTION("""COMPUTED_VALUE"""),0.0) -> 0 | Q96: =IFERROR(__xludf.DUMMYFUNCTION("""COMPUTED_VALUE"""),0.0) -> 0 | R96: =IFERROR(__xludf.DUMMYFUNCTION("""COMPUTED_VALUE"""),1.0) -> 1 | S96: =IFERROR(__xludf.DUMMYFUNCTION("""COMPUTED_VALUE"""),19.0) -> 19 | T96: =IFERROR(__xludf.DUMMYFUNCTION("""COMPUTED_VALUE"""),19.0) -> 19 | U96: {=IF($D96="","",IFERROR(_xlfn.XLOOKUP($D96,'TIR店舗一覧'!$D:$D,'TIR店舗一覧'!$E:$E,""),""))} -> KS | V96: 0 | W96: 0 | X96: 0 | Y96: 0 | Z96: 0 | AA96: 19 | AB96: 0 | AC96: 0 | AD96: 0 | AE96: 0 | AF96: 0 | AG96: 19
B97: =IFERROR(__xludf.DUMMYFUNCTION("""COMPUTED_VALUE"""),46327.0) -> 46327 | C97: =IFERROR(__xludf.DUMMYFUNCTION("""COMPUTED_VALUE"""),"関西") -> 関西 | D97: =IFERROR(__xludf.DUMMYFUNCTION("""COMPUTED_VALUE"""),1098.0) -> 1098 | E97: =IFERROR(__xludf.DUMMYFUNCTION("""COMPUTED_VALUE"""),"ケーズデンキ 守山店") -> ケーズデンキ 守山店 | F97: =IFERROR(__xludf.DUMMYFUNCTION("""COMPUTED_VALUE"""),19.0) -> 19 | G97: =IFERROR(__xludf.DUMMYFUNCTION("""COMPUTED_VALUE"""),0.0) -> 0 | H97: =IFERROR(__xludf.DUMMYFUNCTION("""COMPUTED_VALUE"""),0.0) -> 0 | I97: =IFERROR(__xludf.DUMMYFUNCTION("""COMPUTED_VALUE"""),0.0) -> 0 | J97: =IFERROR(__xludf.DUMMYFUNCTION("""COMPUTED_VALUE"""),0.0) -> 0 | K97: =IFERROR(__xludf.DUMMYFUNCTION("""COMPUTED_VALUE"""),0.0) -> 0 | L97: =IFERROR(__xludf.DUMMYFUNCTION("""COMPUTED_VALUE"""),1.0) -> 1 | M97: =IFERROR(__xludf.DUMMYFUNCTION("""COMPUTED_VALUE"""),0.0) -> 0 | N97: =IFERROR(__xludf.DUMMYFUNCTION("""COMPUTED_VALUE"""),0.0) -> 0 | O97: =IFERROR(__xludf.DUMMYFUNCTION("""COMPUTED_VALUE"""),0.0) -> 0 | P97: =IFERROR(__xludf.DUMMYFUNCTION("""COMPUTED_VALUE"""),0.0) -> 0 | Q97: =IFERROR(__xludf.DUMMYFUNCTION("""COMPUTED_VALUE"""),0.0) -> 0 | R97: =IFERROR(__xludf.DUMMYFUNCTION("""COMPUTED_VALUE"""),1.0) -> 1 | S97: =IFERROR(__xludf.DUMMYFUNCTION("""COMPUTED_VALUE"""),19.0) -> 19 | T97: =IFERROR(__xludf.DUMMYFUNCTION("""COMPUTED_VALUE"""),19.0) -> 19 | U97: {=IF($D97="","",IFERROR(_xlfn.XLOOKUP($D97,'TIR店舗一覧'!$D:$D,'TIR店舗一覧'!$E:$E,""),""))} -> KS | V97: 0 | W97: 0 | X97: 0 | Y97: 0 | Z97: 0 | AA97: 19 | AB97: 0 | AC97: 0 | AD97: 0 | AE97: 0 | AF97: 0 | AG97: 19
B98: =IFERROR(__xludf.DUMMYFUNCTION("""COMPUTED_VALUE"""),46327.0) -> 46327 | C98: =IFERROR(__xludf.DUMMYFUNCTION("""COMPUTED_VALUE"""),"関西") -> 関西 | D98: =IFERROR(__xludf.DUMMYFUNCTION("""COMPUTED_VALUE"""),8613.0) -> 8613 | E98: =IFERROR(__xludf.DUMMYFUNCTION("""COMPUTED_VALUE"""),"ケーズデンキ 高の原店") -> ケーズデンキ 高の原店 | F98: =IFERROR(__xludf.DUMMYFUNCTION("""COMPUTED_VALUE"""),11.0) -> 11 | G98: =IFERROR(__xludf.DUMMYFUNCTION("""COMPUTED_VALUE"""),0.0) -> 0 | H98: =IFERROR(__xludf.DUMMYFUNCTION("""COMPUTED_VALUE"""),0.0) -> 0 | I98: =IFERROR(__xludf.DUMMYFUNCTION("""COMPUTED_VALUE"""),0.0) -> 0 | J98: =IFERROR(__xludf.DUMMYFUNCTION("""COMPUTED_VALUE"""),0.0) -> 0 | K98: =IFERROR(__xludf.DUMMYFUNCTION("""COMPUTED_VALUE"""),0.0) -> 0 | L98: =IFERROR(__xludf.DUMMYFUNCTION("""COMPUTED_VALUE"""),1.0) -> 1 | M98: =IFERROR(__xludf.DUMMYFUNCTION("""COMPUTED_VALUE"""),0.0) -> 0 | N98: =IFERROR(__xludf.DUMMYFUNCTION("""COMPUTED_VALUE"""),0.0) -> 0 | O98: =IFERROR(__xludf.DUMMYFUNCTION("""COMPUTED_VALUE"""),0.0) -> 0 | P98: =IFERROR(__xludf.DUMMYFUNCTION("""COMPUTED_VALUE"""),0.0) -> 0 | Q98: =IFERROR(__xludf.DUMMYFUNCTION("""COMPUTED_VALUE"""),0.0) -> 0 | R98: =IFERROR(__xludf.DUMMYFUNCTION("""COMPUTED_VALUE"""),1.0) -> 1 | S98: =IFERROR(__xludf.DUMMYFUNCTION("""COMPUTED_VALUE"""),11.0) -> 11 | T98: =IFERROR(__xludf.DUMMYFUNCTION("""COMPUTED_VALUE"""),11.0) -> 11 | U98: {=IF($D98="","",IFERROR(_xlfn.XLOOKUP($D98,'TIR店舗一覧'!$D:$D,'TIR店舗一覧'!$E:$E,""),""))} -> KS | V98: 0 | W98: 0 | X98: 0 | Y98: 0 | Z98: 0 | AA98: 11 | AB98: 0 | AC98: 0 | AD98: 0 | AE98: 0 | AF98: 0 | AG98: 11
B99: =IFERROR(__xludf.DUMMYFUNCTION("""COMPUTED_VALUE"""),46327.0) -> 46327 | C99: =IFERROR(__xludf.DUMMYFUNCTION("""COMPUTED_VALUE"""),"関西") -> 関西 | D99: =IFERROR(__xludf.DUMMYFUNCTION("""COMPUTED_VALUE"""),1097.0) -> 1097 | E99: =IFERROR(__xludf.DUMMYFUNCTION("""COMPUTED_VALUE"""),"ケーズデンキ 綾部店") -> ケーズデンキ 綾部店 | F99: =IFERROR(__xludf.DUMMYFUNCTION("""COMPUTED_VALUE"""),23.0) -> 23 | G99: =IFERROR(__xludf.DUMMYFUNCTION("""COMPUTED_VALUE"""),0.0) -> 0 | H99: =IFERROR(__xludf.DUMMYFUNCTION("""COMPUTED_VALUE"""),0.0) -> 0 | I99: =IFERROR(__xludf.DUMMYFUNCTION("""COMPUTED_VALUE"""),0.0) -> 0 | J99: =IFERROR(__xludf.DUMMYFUNCTION("""COMPUTED_VALUE"""),0.0) -> 0 | K99: =IFERROR(__xludf.DUMMYFUNCTION("""COMPUTED_VALUE"""),0.0) -> 0 | L99: =IFERROR(__xludf.DUMMYFUNCTION("""COMPUTED_VALUE"""),1.0) -> 1 | M99: =IFERROR(__xludf.DUMMYFUNCTION("""COMPUTED_VALUE"""),0.0) -> 0 | N99: =IFERROR(__xludf.DUMMYFUNCTION("""COMPUTED_VALUE"""),0.0) -> 0 | O99: =IFERROR(__xludf.DUMMYFUNCTION("""COMPUTED_VALUE"""),0.0) -> 0 | P99: =IFERROR(__xludf.DUMMYFUNCTION("""COMPUTED_VALUE"""),0.0) -> 0 | Q99: =IFERROR(__xludf.DUMMYFUNCTION("""COMPUTED_VALUE"""),0.0) -> 0 | R99: =IFERROR(__xludf.DUMMYFUNCTION("""COMPUTED_VALUE"""),1.0) -> 1 | S99: =IFERROR(__xludf.DUMMYFUNCTION("""COMPUTED_VALUE"""),23.0) -> 23 | T99: =IFERROR(__xludf.DUMMYFUNCTION("""COMPUTED_VALUE"""),23.0) -> 23 | U99: {=IF($D99="","",IFERROR(_xlfn.XLOOKUP($D99,'TIR店舗一覧'!$D:$D,'TIR店舗一覧'!$E:$E,""),""))} -> KS | V99: 0 | W99: 0 | X99: 0 | Y99: 0 | Z99: 0 | AA99: 23 | AB99: 0 | AC99: 0 | AD99: 0 | AE99: 0 | AF99: 0 | AG99: 23
B100: =IFERROR(__xludf.DUMMYFUNCTION("""COMPUTED_VALUE"""),46327.0) -> 46327 | C100: =IFERROR(__xludf.DUMMYFUNCTION("""COMPUTED_VALUE"""),"関西") -> 関西 | D100: =IFERROR(__xludf.DUMMYFUNCTION("""COMPUTED_VALUE"""),5701.0) -> 5701 | E100: =IFERROR(__xludf.DUMMYFUNCTION("""COMPUTED_VALUE"""),"ケーズデンキ クロスモール富田林店") -> ケーズデンキ クロスモール富田林店 | F100: =IFERROR(__xludf.DUMMYFUNCTION("""COMPUTED_VALUE"""),14.0) -> 14 | G100: =IFERROR(__xludf.DUMMYFUNCTION("""COMPUTED_VALUE"""),0.0) -> 0 | H100: =IFERROR(__xludf.DUMMYFUNCTION("""COMPUTED_VALUE"""),0.0) -> 0 | I100: =IFERROR(__xludf.DUMMYFUNCTION("""COMPUTED_VALUE"""),0.0) -> 0 | J100: =IFERROR(__xludf.DUMMYFUNCTION("""COMPUTED_VALUE"""),0.0) -> 0 | K100: =IFERROR(__xludf.DUMMYFUNCTION("""COMPUTED_VALUE"""),0.0) -> 0 | L100: =IFERROR(__xludf.DUMMYFUNCTION("""COMPUTED_VALUE"""),1.0) -> 1 | M100: =IFERROR(__xludf.DUMMYFUNCTION("""COMPUTED_VALUE"""),0.0) -> 0 | N100: =IFERROR(__xludf.DUMMYFUNCTION("""COMPUTED_VALUE"""),0.0) -> 0 | O100: =IFERROR(__xludf.DUMMYFUNCTION("""COMPUTED_VALUE"""),0.0) -> 0 | P100: =IFERROR(__xludf.DUMMYFUNCTION("""COMPUTED_VALUE"""),0.0) -> 0 | Q100: =IFERROR(__xludf.DUMMYFUNCTION("""COMPUTED_VALUE"""),0.0) -> 0 | R100: =IFERROR(__xludf.DUMMYFUNCTION("""COMPUTED_VALUE"""),1.0) -> 1 | S100: =IFERROR(__xludf.DUMMYFUNCTION("""COMPUTED_VALUE"""),14.0) -> 14 | T100: =IFERROR(__xludf.DUMMYFUNCTION("""COMPUTED_VALUE"""),14.0) -> 14 | U100: {=IF($D100="","",IFERROR(_xlfn.XLOOKUP($D100,'TIR店舗一覧'!$D:$D,'TIR店舗一覧'!$E:$E,""),""))} -> KS | V100: 0 | W100: 0 | X100: 0 | Y100: 0 | Z100: 0 | AA100: 14 | AB100: 0 | AC100: 0 | AD100: 0 | AE100: 0 | AF100: 0 | AG100: 14
...

Sheet 集計_店舗別月次推移
B1: 店舗別 月次推移(シェア率) | Z1: 店舗名(CES)
Z2: =IFERROR(__xludf.DUMMYFUNCTION("IFERROR(SORT(UNIQUE(IF(OR($C$3=""ALL"",$C$3=""""), FILTER('TIR店舗一覧'!$F$2:$F1001, 'TIR店舗一覧'!$A$2:$A1001=""CES"", 'TIR店舗一覧'!$F$2:$F1001<>""""), FILTER('TIR店舗一覧'!$F$2:$F1001, 'TIR店舗一覧'!$A$2:$A1001=""CES"", 'TIR店舗一覧'!$B$2:$B1001=$C$3, 'TIR店舗一覧'!$F$2:$F1001<>"&""""")))), """")"),"Tecc LIFE SELECT 松本本店") -> Tecc LIFE SELECT 松本本店
B3: エリア | C3: 信越 | D3: ※エリアを選ぶと、該当エリア内の店舗に絞り込みができます | Z3: =IFERROR(__xludf.DUMMYFUNCTION("""COMPUTED_VALUE"""),"Tecc LIFE SELECT 須坂店") -> Tecc LIFE SELECT 須坂店
B4: 店舗コード（自動） | C4: {=IF($C$5="","",IFERROR(_xlfn.XLOOKUP($C$5,'TIR店舗一覧'!$F:$F,'TIR店舗一覧'!$D:$D,"該当なし"),""))} -> 7822 | Z4: =IFERROR(__xludf.DUMMYFUNCTION("""COMPUTED_VALUE"""),"Tecc LIFE SELECT 長野SBC通り店") -> Tecc LIFE SELECT 長野SBC通り店
B5: 店舗名(プルダウン) | C5: Tecc LIFE SELECT 長野SBC通り店 | Z5: =IFERROR(__xludf.DUMMYFUNCTION("""COMPUTED_VALUE"""),"YAMADA web.com 長岡店") -> YAMADA web.com 長岡店
B6: 表示対象 | C6: =IF($C$4="",$C$3&" 全店舗合計",$C$4&" "&$C$5&IF(COUNTIFS('データ_全エリア'!$D$4:$D$6000,$C$4,'データ_全エリア'!$C$4:$C$6000,IF($C$3="ALL","*",$C$3))=0," ※選択エリアに、この店舗のデータがありません","")) -> 7822 Tecc LIFE SELECT 長野SBC通り店 | Z6: =IFERROR(__xludf.DUMMYFUNCTION("""COMPUTED_VALUE"""),"エディオン 塩尻店") -> エディオン 塩尻店
Z7: =IFERROR(__xludf.DUMMYFUNCTION("""COMPUTED_VALUE"""),"ケーズデンキ 女池インター本店") -> ケーズデンキ 女池インター本店
B8: 総販ベース | Z8: =IFERROR(__xludf.DUMMYFUNCTION("""COMPUTED_VALUE"""),"ケーズデンキ 上越インター店") -> ケーズデンキ 上越インター店
B9: 月 | C9: ドコモ | D9: au | E9: SB | F9: UQ | G9: Yモバ | H9: 楽天 | Z9: =IFERROR(__xludf.DUMMYFUNCTION("""COMPUTED_VALUE"""),"ジョーシン 燕三条店") -> ジョーシン 燕三条店
B10: =IFERROR(__xludf.DUMMYFUNCTION("IFERROR(LET(m,SORT(UNIQUE(FILTER('データ_全エリア'!$B$4:$B$6000,'データ_全エリア'!$B$4:$B$6000<>""""))),n,ROWS(m),CHOOSEROWS(m,SEQUENCE(MIN(n,12),1,MAX(1,n-11)))),"""")"),46296.0) -> 46296 | C10: =IF($B10="","",IF($C$4="",IFERROR(SUMIFS('データ_全エリア'!V$4:V$6000,'データ_全エリア'!$B$4:$B$6000,$B10,'データ_全エリア'!$C$4:$C$6000,IF($C$3="ALL","*",$C$3))/SUMIFS('データ_全エリア'!$S$4:$S$6000,'データ_全エリア'!$B$4:$B$6000,$B10,'データ_全エリア'!$C$4:$C$6000,IF($C$3="ALL","*",$C$3)),0),SUMIFS('データ_全エリア'!G$4:G$6000,'データ_全エリア'!$D$4:$D$6000,$C$4,'データ_全エリア'!$B$4:$B$6000,$B10,'データ_全エリア'!$C$4:$C$6000,IF($C$3="ALL","*",$C$3)))) -> 0.21727019 | D10: =IF($B10="","",IF($C$4="",IFERROR(SUMIFS('データ_全エリア'!W$4:W$6000,'データ_全エリア'!$B$4:$B$6000,$B10,'データ_全エリア'!$C$4:$C$6000,IF($C$3="ALL","*",$C$3))/SUMIFS('データ_全エリア'!$S$4:$S$6000,'データ_全エリア'!$B$4:$B$6000,$B10,'データ_全エリア'!$C$4:$C$6000,IF($C$3="ALL","*",$C$3)),0),SUMIFS('データ_全エリア'!H$4:H$6000,'データ_全エリア'!$D$4:$D$6000,$C$4,'データ_全エリア'!$B$4:$B$6000,$B10,'データ_全エリア'!$C$4:$C$6000,IF($C$3="ALL","*",$C$3)))) -> 0.10584958 | E10: =IF($B10="","",IF($C$4="",IFERROR(SUMIFS('データ_全エリア'!X$4:X$6000,'データ_全エリア'!$B$4:$B$6000,$B10,'データ_全エリア'!$C$4:$C$6000,IF($C$3="ALL","*",$C$3))/SUMIFS('データ_全エリア'!$S$4:$S$6000,'データ_全エリア'!$B$4:$B$6000,$B10,'データ_全エリア'!$C$4:$C$6000,IF($C$3="ALL","*",$C$3)),0),SUMIFS('データ_全エリア'!I$4:I$6000,'データ_全エリア'!$D$4:$D$6000,$C$4,'データ_全エリア'!$B$4:$B$6000,$B10,'データ_全エリア'!$C$4:$C$6000,IF($C$3="ALL","*",$C$3)))) -> 0.26183844 | F10: =IF($B10="","",IF($C$4="",IFERROR(SUMIFS('データ_全エリア'!Y$4:Y$6000,'データ_全エリア'!$B$4:$B$6000,$B10,'データ_全エリア'!$C$4:$C$6000,IF($C$3="ALL","*",$C$3))/SUMIFS('データ_全エリア'!$S$4:$S$6000,'データ_全エリア'!$B$4:$B$6000,$B10,'データ_全エリア'!$C$4:$C$6000,IF($C$3="ALL","*",$C$3)),0),SUMIFS('データ_全エリア'!J$4:J$6000,'データ_全エリア'!$D$4:$D$6000,$C$4,'データ_全エリア'!$B$4:$B$6000,$B10,'データ_全エリア'!$C$4:$C$6000,IF($C$3="ALL","*",$C$3)))) -> 0.11977716 | G10: =IF($B10="","",IF($C$4="",IFERROR(SUMIFS('データ_全エリア'!Z$4:Z$6000,'データ_全エリア'!$B$4:$B$6000,$B10,'データ_全エリア'!$C$4:$C$6000,IF($C$3="ALL","*",$C$3))/SUMIFS('データ_全エリア'!$S$4:$S$6000,'データ_全エリア'!$B$4:$B$6000,$B10,'データ_全エリア'!$C$4:$C$6000,IF($C$3="ALL","*",$C$3)),0),SUMIFS('データ_全エリア'!K$4:K$6000,'データ_全エリア'!$D$4:$D$6000,$C$4,'データ_全エリア'!$B$4:$B$6000,$B10,'データ_全エリア'!$C$4:$C$6000,IF($C$3="ALL","*",$C$3)))) -> 0.22005571 | H10: =IF($B10="","",IF($C$4="",IFERROR(SUMIFS('データ_全エリア'!AA$4:AA$6000,'データ_全エリア'!$B$4:$B$6000,$B10,'データ_全エリア'!$C$4:$C$6000,IF($C$3="ALL","*",$C$3))/SUMIFS('データ_全エリア'!$S$4:$S$6000,'データ_全エリア'!$B$4:$B$6000,$B10,'データ_全エリア'!$C$4:$C$6000,IF($C$3="ALL","*",$C$3)),0),SUMIFS('データ_全エリア'!L$4:L$6000,'データ_全エリア'!$D$4:$D$6000,$C$4,'データ_全エリア'!$B$4:$B$6000,$B10,'データ_全エリア'!$C$4:$C$6000,IF($C$3="ALL","*",$C$3)))) -> 0.075208914 | Z10: =IFERROR(__xludf.DUMMYFUNCTION("""COMPUTED_VALUE"""),"ジョーシン 亀貝店") -> ジョーシン 亀貝店
B11: =IFERROR(__xludf.DUMMYFUNCTION("""COMPUTED_VALUE"""),46327.0) -> 46327 | C11: =IF($B11="","",IF($C$4="",IFERROR(SUMIFS('データ_全エリア'!V$4:V$6000,'データ_全エリア'!$B$4:$B$6000,$B11,'データ_全エリア'!$C$4:$C$6000,IF($C$3="ALL","*",$C$3))/SUMIFS('データ_全エリア'!$S$4:$S$6000,'データ_全エリア'!$B$4:$B$6000,$B11,'データ_全エリア'!$C$4:$C$6000,IF($C$3="ALL","*",$C$3)),0),SUMIFS('データ_全エリア'!G$4:G$6000,'データ_全エリア'!$D$4:$D$6000,$C$4,'データ_全エリア'!$B$4:$B$6000,$B11,'データ_全エリア'!$C$4:$C$6000,IF($C$3="ALL","*",$C$3)))) -> 0 | D11: =IF($B11="","",IF($C$4="",IFERROR(SUMIFS('データ_全エリア'!W$4:W$6000,'データ_全エリア'!$B$4:$B$6000,$B11,'データ_全エリア'!$C$4:$C$6000,IF($C$3="ALL","*",$C$3))/SUMIFS('データ_全エリア'!$S$4:$S$6000,'データ_全エリア'!$B$4:$B$6000,$B11,'データ_全エリア'!$C$4:$C$6000,IF($C$3="ALL","*",$C$3)),0),SUMIFS('データ_全エリア'!H$4:H$6000,'データ_全エリア'!$D$4:$D$6000,$C$4,'データ_全エリア'!$B$4:$B$6000,$B11,'データ_全エリア'!$C$4:$C$6000,IF($C$3="ALL","*",$C$3)))) -> 0 | E11: =IF($B11="","",IF($C$4="",IFERROR(SUMIFS('データ_全エリア'!X$4:X$6000,'データ_全エリア'!$B$4:$B$6000,$B11,'データ_全エリア'!$C$4:$C$6000,IF($C$3="ALL","*",$C$3))/SUMIFS('データ_全エリア'!$S$4:$S$6000,'データ_全エリア'!$B$4:$B$6000,$B11,'データ_全エリア'!$C$4:$C$6000,IF($C$3="ALL","*",$C$3)),0),SUMIFS('データ_全エリア'!I$4:I$6000,'データ_全エリア'!$D$4:$D$6000,$C$4,'データ_全エリア'!$B$4:$B$6000,$B11,'データ_全エリア'!$C$4:$C$6000,IF($C$3="ALL","*",$C$3)))) -> 0 | F11: =IF($B11="","",IF($C$4="",IFERROR(SUMIFS('データ_全エリア'!Y$4:Y$6000,'データ_全エリア'!$B$4:$B$6000,$B11,'データ_全エリア'!$C$4:$C$6000,IF($C$3="ALL","*",$C$3))/SUMIFS('データ_全エリア'!$S$4:$S$6000,'データ_全エリア'!$B$4:$B$6000,$B11,'データ_全エリア'!$C$4:$C$6000,IF($C$3="ALL","*",$C$3)),0),SUMIFS('データ_全エリア'!J$4:J$6000,'データ_全エリア'!$D$4:$D$6000,$C$4,'データ_全エリア'!$B$4:$B$6000,$B11,'データ_全エリア'!$C$4:$C$6000,IF($C$3="ALL","*",$C$3)))) -> 0 | G11: =IF($B11="","",IF($C$4="",IFERROR(SUMIFS('データ_全エリア'!Z$4:Z$6000,'データ_全エリア'!$B$4:$B$6000,$B11,'データ_全エリア'!$C$4:$C$6000,IF($C$3="ALL","*",$C$3))/SUMIFS('データ_全エリア'!$S$4:$S$6000,'データ_全エリア'!$B$4:$B$6000,$B11,'データ_全エリア'!$C$4:$C$6000,IF($C$3="ALL","*",$C$3)),0),SUMIFS('データ_全エリア'!K$4:K$6000,'データ_全エリア'!$D$4:$D$6000,$C$4,'データ_全エリア'!$B$4:$B$6000,$B11,'データ_全エリア'!$C$4:$C$6000,IF($C$3="ALL","*",$C$3)))) -> 0 | H11: =IF($B11="","",IF($C$4="",IFERROR(SUMIFS('データ_全エリア'!AA$4:AA$6000,'データ_全エリア'!$B$4:$B$6000,$B11,'データ_全エリア'!$C$4:$C$6000,IF($C$3="ALL","*",$C$3))/SUMIFS('データ_全エリア'!$S$4:$S$6000,'データ_全エリア'!$B$4:$B$6000,$B11,'データ_全エリア'!$C$4:$C$6000,IF($C$3="ALL","*",$C$3)),0),SUMIFS('データ_全エリア'!L$4:L$6000,'データ_全エリア'!$D$4:$D$6000,$C$4,'データ_全エリア'!$B$4:$B$6000,$B11,'データ_全エリア'!$C$4:$C$6000,IF($C$3="ALL","*",$C$3)))) -> 0 | Z11: =IFERROR(__xludf.DUMMYFUNCTION("""COMPUTED_VALUE"""),"ジョーシン 上越店") -> ジョーシン 上越店
C12: =IF($B12="","",IF($C$4="",IFERROR(SUMIFS('データ_全エリア'!V$4:V$6000,'データ_全エリア'!$B$4:$B$6000,$B12,'データ_全エリア'!$C$4:$C$6000,IF($C$3="ALL","*",$C$3))/SUMIFS('データ_全エリア'!$S$4:$S$6000,'データ_全エリア'!$B$4:$B$6000,$B12,'データ_全エリア'!$C$4:$C$6000,IF($C$3="ALL","*",$C$3)),0),SUMIFS('データ_全エリア'!G$4:G$6000,'データ_全エリア'!$D$4:$D$6000,$C$4,'データ_全エリア'!$B$4:$B$6000,$B12,'データ_全エリア'!$C$4:$C$6000,IF($C$3="ALL","*",$C$3)))) | D12: =IF($B12="","",IF($C$4="",IFERROR(SUMIFS('データ_全エリア'!W$4:W$6000,'データ_全エリア'!$B$4:$B$6000,$B12,'データ_全エリア'!$C$4:$C$6000,IF($C$3="ALL","*",$C$3))/SUMIFS('データ_全エリア'!$S$4:$S$6000,'データ_全エリア'!$B$4:$B$6000,$B12,'データ_全エリア'!$C$4:$C$6000,IF($C$3="ALL","*",$C$3)),0),SUMIFS('データ_全エリア'!H$4:H$6000,'データ_全エリア'!$D$4:$D$6000,$C$4,'データ_全エリア'!$B$4:$B$6000,$B12,'データ_全エリア'!$C$4:$C$6000,IF($C$3="ALL","*",$C$3)))) | E12: =IF($B12="","",IF($C$4="",IFERROR(SUMIFS('データ_全エリア'!X$4:X$6000,'データ_全エリア'!$B$4:$B$6000,$B12,'データ_全エリア'!$C$4:$C$6000,IF($C$3="ALL","*",$C$3))/SUMIFS('データ_全エリア'!$S$4:$S$6000,'データ_全エリア'!$B$4:$B$6000,$B12,'データ_全エリア'!$C$4:$C$6000,IF($C$3="ALL","*",$C$3)),0),SUMIFS('データ_全エリア'!I$4:I$6000,'データ_全エリア'!$D$4:$D$6000,$C$4,'データ_全エリア'!$B$4:$B$6000,$B12,'データ_全エリア'!$C$4:$C$6000,IF($C$3="ALL","*",$C$3)))) | F12: =IF($B12="","",IF($C$4="",IFERROR(SUMIFS('データ_全エリア'!Y$4:Y$6000,'データ_全エリア'!$B$4:$B$6000,$B12,'データ_全エリア'!$C$4:$C$6000,IF($C$3="ALL","*",$C$3))/SUMIFS('データ_全エリア'!$S$4:$S$6000,'データ_全エリア'!$B$4:$B$6000,$B12,'データ_全エリア'!$C$4:$C$6000,IF($C$3="ALL","*",$C$3)),0),SUMIFS('データ_全エリア'!J$4:J$6000,'データ_全エリア'!$D$4:$D$6000,$C$4,'データ_全エリア'!$B$4:$B$6000,$B12,'データ_全エリア'!$C$4:$C$6000,IF($C$3="ALL","*",$C$3)))) | G12: =IF($B12="","",IF($C$4="",IFERROR(SUMIFS('データ_全エリア'!Z$4:Z$6000,'データ_全エリア'!$B$4:$B$6000,$B12,'データ_全エリア'!$C$4:$C$6000,IF($C$3="ALL","*",$C$3))/SUMIFS('データ_全エリア'!$S$4:$S$6000,'データ_全エリア'!$B$4:$B$6000,$B12,'データ_全エリア'!$C$4:$C$6000,IF($C$3="ALL","*",$C$3)),0),SUMIFS('データ_全エリア'!K$4:K$6000,'データ_全エリア'!$D$4:$D$6000,$C$4,'データ_全エリア'!$B$4:$B$6000,$B12,'データ_全エリア'!$C$4:$C$6000,IF($C$3="ALL","*",$C$3)))) | H12: =IF($B12="","",IF($C$4="",IFERROR(SUMIFS('データ_全エリア'!AA$4:AA$6000,'データ_全エリア'!$B$4:$B$6000,$B12,'データ_全エリア'!$C$4:$C$6000,IF($C$3="ALL","*",$C$3))/SUMIFS('データ_全エリア'!$S$4:$S$6000,'データ_全エリア'!$B$4:$B$6000,$B12,'データ_全エリア'!$C$4:$C$6000,IF($C$3="ALL","*",$C$3)),0),SUMIFS('データ_全エリア'!L$4:L$6000,'データ_全エリア'!$D$4:$D$6000,$C$4,'データ_全エリア'!$B$4:$B$6000,$B12,'データ_全エリア'!$C$4:$C$6000,IF($C$3="ALL","*",$C$3)))) | Z12: =IFERROR(__xludf.DUMMYFUNCTION("""COMPUTED_VALUE"""),"ジョーシン 長岡愛宕店") -> ジョーシン 長岡愛宕店
C13: =IF($B13="","",IF($C$4="",IFERROR(SUMIFS('データ_全エリア'!V$4:V$6000,'データ_全エリア'!$B$4:$B$6000,$B13,'データ_全エリア'!$C$4:$C$6000,IF($C$3="ALL","*",$C$3))/SUMIFS('データ_全エリア'!$S$4:$S$6000,'データ_全エリア'!$B$4:$B$6000,$B13,'データ_全エリア'!$C$4:$C$6000,IF($C$3="ALL","*",$C$3)),0),SUMIFS('データ_全エリア'!G$4:G$6000,'データ_全エリア'!$D$4:$D$6000,$C$4,'データ_全エリア'!$B$4:$B$6000,$B13,'データ_全エリア'!$C$4:$C$6000,IF($C$3="ALL","*",$C$3)))) | D13: =IF($B13="","",IF($C$4="",IFERROR(SUMIFS('データ_全エリア'!W$4:W$6000,'データ_全エリア'!$B$4:$B$6000,$B13,'データ_全エリア'!$C$4:$C$6000,IF($C$3="ALL","*",$C$3))/SUMIFS('データ_全エリア'!$S$4:$S$6000,'データ_全エリア'!$B$4:$B$6000,$B13,'データ_全エリア'!$C$4:$C$6000,IF($C$3="ALL","*",$C$3)),0),SUMIFS('データ_全エリア'!H$4:H$6000,'データ_全エリア'!$D$4:$D$6000,$C$4,'データ_全エリア'!$B$4:$B$6000,$B13,'データ_全エリア'!$C$4:$C$6000,IF($C$3="ALL","*",$C$3)))) | E13: =IF($B13="","",IF($C$4="",IFERROR(SUMIFS('データ_全エリア'!X$4:X$6000,'データ_全エリア'!$B$4:$B$6000,$B13,'データ_全エリア'!$C$4:$C$6000,IF($C$3="ALL","*",$C$3))/SUMIFS('データ_全エリア'!$S$4:$S$6000,'データ_全エリア'!$B$4:$B$6000,$B13,'データ_全エリア'!$C$4:$C$6000,IF($C$3="ALL","*",$C$3)),0),SUMIFS('データ_全エリア'!I$4:I$6000,'データ_全エリア'!$D$4:$D$6000,$C$4,'データ_全エリア'!$B$4:$B$6000,$B13,'データ_全エリア'!$C$4:$C$6000,IF($C$3="ALL","*",$C$3)))) | F13: =IF($B13="","",IF($C$4="",IFERROR(SUMIFS('データ_全エリア'!Y$4:Y$6000,'データ_全エリア'!$B$4:$B$6000,$B13,'データ_全エリア'!$C$4:$C$6000,IF($C$3="ALL","*",$C$3))/SUMIFS('データ_全エリア'!$S$4:$S$6000,'データ_全エリア'!$B$4:$B$6000,$B13,'データ_全エリア'!$C$4:$C$6000,IF($C$3="ALL","*",$C$3)),0),SUMIFS('データ_全エリア'!J$4:J$6000,'データ_全エリア'!$D$4:$D$6000,$C$4,'データ_全エリア'!$B$4:$B$6000,$B13,'データ_全エリア'!$C$4:$C$6000,IF($C$3="ALL","*",$C$3)))) | G13: =IF($B13="","",IF($C$4="",IFERROR(SUMIFS('データ_全エリア'!Z$4:Z$6000,'データ_全エリア'!$B$4:$B$6000,$B13,'データ_全エリア'!$C$4:$C$6000,IF($C$3="ALL","*",$C$3))/SUMIFS('データ_全エリア'!$S$4:$S$6000,'データ_全エリア'!$B$4:$B$6000,$B13,'データ_全エリア'!$C$4:$C$6000,IF($C$3="ALL","*",$C$3)),0),SUMIFS('データ_全エリア'!K$4:K$6000,'データ_全エリア'!$D$4:$D$6000,$C$4,'データ_全エリア'!$B$4:$B$6000,$B13,'データ_全エリア'!$C$4:$C$6000,IF($C$3="ALL","*",$C$3)))) | H13: =IF($B13="","",IF($C$4="",IFERROR(SUMIFS('データ_全エリア'!AA$4:AA$6000,'データ_全エリア'!$B$4:$B$6000,$B13,'データ_全エリア'!$C$4:$C$6000,IF($C$3="ALL","*",$C$3))/SUMIFS('データ_全エリア'!$S$4:$S$6000,'データ_全エリア'!$B$4:$B$6000,$B13,'データ_全エリア'!$C$4:$C$6000,IF($C$3="ALL","*",$C$3)),0),SUMIFS('データ_全エリア'!L$4:L$6000,'データ_全エリア'!$D$4:$D$6000,$C$4,'データ_全エリア'!$B$4:$B$6000,$B13,'データ_全エリア'!$C$4:$C$6000,IF($C$3="ALL","*",$C$3)))) | Z13: =IFERROR(__xludf.DUMMYFUNCTION("""COMPUTED_VALUE"""),"テックランド そよら三条須頃店") -> テックランド そよら三条須頃店
C14: =IF($B14="","",IF($C$4="",IFERROR(SUMIFS('データ_全エリア'!V$4:V$6000,'データ_全エリア'!$B$4:$B$6000,$B14,'データ_全エリア'!$C$4:$C$6000,IF($C$3="ALL","*",$C$3))/SUMIFS('データ_全エリア'!$S$4:$S$6000,'データ_全エリア'!$B$4:$B$6000,$B14,'データ_全エリア'!$C$4:$C$6000,IF($C$3="ALL","*",$C$3)),0),SUMIFS('データ_全エリア'!G$4:G$6000,'データ_全エリア'!$D$4:$D$6000,$C$4,'データ_全エリア'!$B$4:$B$6000,$B14,'データ_全エリア'!$C$4:$C$6000,IF($C$3="ALL","*",$C$3)))) | D14: =IF($B14="","",IF($C$4="",IFERROR(SUMIFS('データ_全エリア'!W$4:W$6000,'データ_全エリア'!$B$4:$B$6000,$B14,'データ_全エリア'!$C$4:$C$6000,IF($C$3="ALL","*",$C$3))/SUMIFS('データ_全エリア'!$S$4:$S$6000,'データ_全エリア'!$B$4:$B$6000,$B14,'データ_全エリア'!$C$4:$C$6000,IF($C$3="ALL","*",$C$3)),0),SUMIFS('データ_全エリア'!H$4:H$6000,'データ_全エリア'!$D$4:$D$6000,$C$4,'データ_全エリア'!$B$4:$B$6000,$B14,'データ_全エリア'!$C$4:$C$6000,IF($C$3="ALL","*",$C$3)))) | E14: =IF($B14="","",IF($C$4="",IFERROR(SUMIFS('データ_全エリア'!X$4:X$6000,'データ_全エリア'!$B$4:$B$6000,$B14,'データ_全エリア'!$C$4:$C$6000,IF($C$3="ALL","*",$C$3))/SUMIFS('データ_全エリア'!$S$4:$S$6000,'データ_全エリア'!$B$4:$B$6000,$B14,'データ_全エリア'!$C$4:$C$6000,IF($C$3="ALL","*",$C$3)),0),SUMIFS('データ_全エリア'!I$4:I$6000,'データ_全エリア'!$D$4:$D$6000,$C$4,'データ_全エリア'!$B$4:$B$6000,$B14,'データ_全エリア'!$C$4:$C$6000,IF($C$3="ALL","*",$C$3)))) | F14: =IF($B14="","",IF($C$4="",IFERROR(SUMIFS('データ_全エリア'!Y$4:Y$6000,'データ_全エリア'!$B$4:$B$6000,$B14,'データ_全エリア'!$C$4:$C$6000,IF($C$3="ALL","*",$C$3))/SUMIFS('データ_全エリア'!$S$4:$S$6000,'データ_全エリア'!$B$4:$B$6000,$B14,'データ_全エリア'!$C$4:$C$6000,IF($C$3="ALL","*",$C$3)),0),SUMIFS('データ_全エリア'!J$4:J$6000,'データ_全エリア'!$D$4:$D$6000,$C$4,'データ_全エリア'!$B$4:$B$6000,$B14,'データ_全エリア'!$C$4:$C$6000,IF($C$3="ALL","*",$C$3)))) | G14: =IF($B14="","",IF($C$4="",IFERROR(SUMIFS('データ_全エリア'!Z$4:Z$6000,'データ_全エリア'!$B$4:$B$6000,$B14,'データ_全エリア'!$C$4:$C$6000,IF($C$3="ALL","*",$C$3))/SUMIFS('データ_全エリア'!$S$4:$S$6000,'データ_全エリア'!$B$4:$B$6000,$B14,'データ_全エリア'!$C$4:$C$6000,IF($C$3="ALL","*",$C$3)),0),SUMIFS('データ_全エリア'!K$4:K$6000,'データ_全エリア'!$D$4:$D$6000,$C$4,'データ_全エリア'!$B$4:$B$6000,$B14,'データ_全エリア'!$C$4:$C$6000,IF($C$3="ALL","*",$C$3)))) | H14: =IF($B14="","",IF($C$4="",IFERROR(SUMIFS('データ_全エリア'!AA$4:AA$6000,'データ_全エリア'!$B$4:$B$6000,$B14,'データ_全エリア'!$C$4:$C$6000,IF($C$3="ALL","*",$C$3))/SUMIFS('データ_全エリア'!$S$4:$S$6000,'データ_全エリア'!$B$4:$B$6000,$B14,'データ_全エリア'!$C$4:$C$6000,IF($C$3="ALL","*",$C$3)),0),SUMIFS('データ_全エリア'!L$4:L$6000,'データ_全エリア'!$D$4:$D$6000,$C$4,'データ_全エリア'!$B$4:$B$6000,$B14,'データ_全エリア'!$C$4:$C$6000,IF($C$3="ALL","*",$C$3)))) | Z14: =IFERROR(__xludf.DUMMYFUNCTION("""COMPUTED_VALUE"""),"テックランド 亀田店") -> テックランド 亀田店
C15: =IF($B15="","",IF($C$4="",IFERROR(SUMIFS('データ_全エリア'!V$4:V$6000,'データ_全エリア'!$B$4:$B$6000,$B15,'データ_全エリア'!$C$4:$C$6000,IF($C$3="ALL","*",$C$3))/SUMIFS('データ_全エリア'!$S$4:$S$6000,'データ_全エリア'!$B$4:$B$6000,$B15,'データ_全エリア'!$C$4:$C$6000,IF($C$3="ALL","*",$C$3)),0),SUMIFS('データ_全エリア'!G$4:G$6000,'データ_全エリア'!$D$4:$D$6000,$C$4,'データ_全エリア'!$B$4:$B$6000,$B15,'データ_全エリア'!$C$4:$C$6000,IF($C$3="ALL","*",$C$3)))) | D15: =IF($B15="","",IF($C$4="",IFERROR(SUMIFS('データ_全エリア'!W$4:W$6000,'データ_全エリア'!$B$4:$B$6000,$B15,'データ_全エリア'!$C$4:$C$6000,IF($C$3="ALL","*",$C$3))/SUMIFS('データ_全エリア'!$S$4:$S$6000,'データ_全エリア'!$B$4:$B$6000,$B15,'データ_全エリア'!$C$4:$C$6000,IF($C$3="ALL","*",$C$3)),0),SUMIFS('データ_全エリア'!H$4:H$6000,'データ_全エリア'!$D$4:$D$6000,$C$4,'データ_全エリア'!$B$4:$B$6000,$B15,'データ_全エリア'!$C$4:$C$6000,IF($C$3="ALL","*",$C$3)))) | E15: =IF($B15="","",IF($C$4="",IFERROR(SUMIFS('データ_全エリア'!X$4:X$6000,'データ_全エリア'!$B$4:$B$6000,$B15,'データ_全エリア'!$C$4:$C$6000,IF($C$3="ALL","*",$C$3))/SUMIFS('データ_全エリア'!$S$4:$S$6000,'データ_全エリア'!$B$4:$B$6000,$B15,'データ_全エリア'!$C$4:$C$6000,IF($C$3="ALL","*",$C$3)),0),SUMIFS('データ_全エリア'!I$4:I$6000,'データ_全エリア'!$D$4:$D$6000,$C$4,'データ_全エリア'!$B$4:$B$6000,$B15,'データ_全エリア'!$C$4:$C$6000,IF($C$3="ALL","*",$C$3)))) | F15: =IF($B15="","",IF($C$4="",IFERROR(SUMIFS('データ_全エリア'!Y$4:Y$6000,'データ_全エリア'!$B$4:$B$6000,$B15,'データ_全エリア'!$C$4:$C$6000,IF($C$3="ALL","*",$C$3))/SUMIFS('データ_全エリア'!$S$4:$S$6000,'データ_全エリア'!$B$4:$B$6000,$B15,'データ_全エリア'!$C$4:$C$6000,IF($C$3="ALL","*",$C$3)),0),SUMIFS('データ_全エリア'!J$4:J$6000,'データ_全エリア'!$D$4:$D$6000,$C$4,'データ_全エリア'!$B$4:$B$6000,$B15,'データ_全エリア'!$C$4:$C$6000,IF($C$3="ALL","*",$C$3)))) | G15: =IF($B15="","",IF($C$4="",IFERROR(SUMIFS('データ_全エリア'!Z$4:Z$6000,'データ_全エリア'!$B$4:$B$6000,$B15,'データ_全エリア'!$C$4:$C$6000,IF($C$3="ALL","*",$C$3))/SUMIFS('データ_全エリア'!$S$4:$S$6000,'データ_全エリア'!$B$4:$B$6000,$B15,'データ_全エリア'!$C$4:$C$6000,IF($C$3="ALL","*",$C$3)),0),SUMIFS('データ_全エリア'!K$4:K$6000,'データ_全エリア'!$D$4:$D$6000,$C$4,'データ_全エリア'!$B$4:$B$6000,$B15,'データ_全エリア'!$C$4:$C$6000,IF($C$3="ALL","*",$C$3)))) | H15: =IF($B15="","",IF($C$4="",IFERROR(SUMIFS('データ_全エリア'!AA$4:AA$6000,'データ_全エリア'!$B$4:$B$6000,$B15,'データ_全エリア'!$C$4:$C$6000,IF($C$3="ALL","*",$C$3))/SUMIFS('データ_全エリア'!$S$4:$S$6000,'データ_全エリア'!$B$4:$B$6000,$B15,'データ_全エリア'!$C$4:$C$6000,IF($C$3="ALL","*",$C$3)),0),SUMIFS('データ_全エリア'!L$4:L$6000,'データ_全エリア'!$D$4:$D$6000,$C$4,'データ_全エリア'!$B$4:$B$6000,$B15,'データ_全エリア'!$C$4:$C$6000,IF($C$3="ALL","*",$C$3)))) | Z15: =IFERROR(__xludf.DUMMYFUNCTION("""COMPUTED_VALUE"""),"テックランド 新潟錦町本店") -> テックランド 新潟錦町本店
C16: =IF($B16="","",IF($C$4="",IFERROR(SUMIFS('データ_全エリア'!V$4:V$6000,'データ_全エリア'!$B$4:$B$6000,$B16,'データ_全エリア'!$C$4:$C$6000,IF($C$3="ALL","*",$C$3))/SUMIFS('データ_全エリア'!$S$4:$S$6000,'データ_全エリア'!$B$4:$B$6000,$B16,'データ_全エリア'!$C$4:$C$6000,IF($C$3="ALL","*",$C$3)),0),SUMIFS('データ_全エリア'!G$4:G$6000,'データ_全エリア'!$D$4:$D$6000,$C$4,'データ_全エリア'!$B$4:$B$6000,$B16,'データ_全エリア'!$C$4:$C$6000,IF($C$3="ALL","*",$C$3)))) | D16: =IF($B16="","",IF($C$4="",IFERROR(SUMIFS('データ_全エリア'!W$4:W$6000,'データ_全エリア'!$B$4:$B$6000,$B16,'データ_全エリア'!$C$4:$C$6000,IF($C$3="ALL","*",$C$3))/SUMIFS('データ_全エリア'!$S$4:$S$6000,'データ_全エリア'!$B$4:$B$6000,$B16,'データ_全エリア'!$C$4:$C$6000,IF($C$3="ALL","*",$C$3)),0),SUMIFS('データ_全エリア'!H$4:H$6000,'データ_全エリア'!$D$4:$D$6000,$C$4,'データ_全エリア'!$B$4:$B$6000,$B16,'データ_全エリア'!$C$4:$C$6000,IF($C$3="ALL","*",$C$3)))) | E16: =IF($B16="","",IF($C$4="",IFERROR(SUMIFS('データ_全エリア'!X$4:X$6000,'データ_全エリア'!$B$4:$B$6000,$B16,'データ_全エリア'!$C$4:$C$6000,IF($C$3="ALL","*",$C$3))/SUMIFS('データ_全エリア'!$S$4:$S$6000,'データ_全エリア'!$B$4:$B$6000,$B16,'データ_全エリア'!$C$4:$C$6000,IF($C$3="ALL","*",$C$3)),0),SUMIFS('データ_全エリア'!I$4:I$6000,'データ_全エリア'!$D$4:$D$6000,$C$4,'データ_全エリア'!$B$4:$B$6000,$B16,'データ_全エリア'!$C$4:$C$6000,IF($C$3="ALL","*",$C$3)))) | F16: =IF($B16="","",IF($C$4="",IFERROR(SUMIFS('データ_全エリア'!Y$4:Y$6000,'データ_全エリア'!$B$4:$B$6000,$B16,'データ_全エリア'!$C$4:$C$6000,IF($C$3="ALL","*",$C$3))/SUMIFS('データ_全エリア'!$S$4:$S$6000,'データ_全エリア'!$B$4:$B$6000,$B16,'データ_全エリア'!$C$4:$C$6000,IF($C$3="ALL","*",$C$3)),0),SUMIFS('データ_全エリア'!J$4:J$6000,'データ_全エリア'!$D$4:$D$6000,$C$4,'データ_全エリア'!$B$4:$B$6000,$B16,'データ_全エリア'!$C$4:$C$6000,IF($C$3="ALL","*",$C$3)))) | G16: =IF($B16="","",IF($C$4="",IFERROR(SUMIFS('データ_全エリア'!Z$4:Z$6000,'データ_全エリア'!$B$4:$B$6000,$B16,'データ_全エリア'!$C$4:$C$6000,IF($C$3="ALL","*",$C$3))/SUMIFS('データ_全エリア'!$S$4:$S$6000,'データ_全エリア'!$B$4:$B$6000,$B16,'データ_全エリア'!$C$4:$C$6000,IF($C$3="ALL","*",$C$3)),0),SUMIFS('データ_全エリア'!K$4:K$6000,'データ_全エリア'!$D$4:$D$6000,$C$4,'データ_全エリア'!$B$4:$B$6000,$B16,'データ_全エリア'!$C$4:$C$6000,IF($C$3="ALL","*",$C$3)))) | H16: =IF($B16="","",IF($C$4="",IFERROR(SUMIFS('データ_全エリア'!AA$4:AA$6000,'データ_全エリア'!$B$4:$B$6000,$B16,'データ_全エリア'!$C$4:$C$6000,IF($C$3="ALL","*",$C$3))/SUMIFS('データ_全エリア'!$S$4:$S$6000,'データ_全エリア'!$B$4:$B$6000,$B16,'データ_全エリア'!$C$4:$C$6000,IF($C$3="ALL","*",$C$3)),0),SUMIFS('データ_全エリア'!L$4:L$6000,'データ_全エリア'!$D$4:$D$6000,$C$4,'データ_全エリア'!$B$4:$B$6000,$B16,'データ_全エリア'!$C$4:$C$6000,IF($C$3="ALL","*",$C$3))))
C17: =IF($B17="","",IF($C$4="",IFERROR(SUMIFS('データ_全エリア'!V$4:V$6000,'データ_全エリア'!$B$4:$B$6000,$B17,'データ_全エリア'!$C$4:$C$6000,IF($C$3="ALL","*",$C$3))/SUMIFS('データ_全エリア'!$S$4:$S$6000,'データ_全エリア'!$B$4:$B$6000,$B17,'データ_全エリア'!$C$4:$C$6000,IF($C$3="ALL","*",$C$3)),0),SUMIFS('データ_全エリア'!G$4:G$6000,'データ_全エリア'!$D$4:$D$6000,$C$4,'データ_全エリア'!$B$4:$B$6000,$B17,'データ_全エリア'!$C$4:$C$6000,IF($C$3="ALL","*",$C$3)))) | D17: =IF($B17="","",IF($C$4="",IFERROR(SUMIFS('データ_全エリア'!W$4:W$6000,'データ_全エリア'!$B$4:$B$6000,$B17,'データ_全エリア'!$C$4:$C$6000,IF($C$3="ALL","*",$C$3))/SUMIFS('データ_全エリア'!$S$4:$S$6000,'データ_全エリア'!$B$4:$B$6000,$B17,'データ_全エリア'!$C$4:$C$6000,IF($C$3="ALL","*",$C$3)),0),SUMIFS('データ_全エリア'!H$4:H$6000,'データ_全エリア'!$D$4:$D$6000,$C$4,'データ_全エリア'!$B$4:$B$6000,$B17,'データ_全エリア'!$C$4:$C$6000,IF($C$3="ALL","*",$C$3)))) | E17: =IF($B17="","",IF($C$4="",IFERROR(SUMIFS('データ_全エリア'!X$4:X$6000,'データ_全エリア'!$B$4:$B$6000,$B17,'データ_全エリア'!$C$4:$C$6000,IF($C$3="ALL","*",$C$3))/SUMIFS('データ_全エリア'!$S$4:$S$6000,'データ_全エリア'!$B$4:$B$6000,$B17,'データ_全エリア'!$C$4:$C$6000,IF($C$3="ALL","*",$C$3)),0),SUMIFS('データ_全エリア'!I$4:I$6000,'データ_全エリア'!$D$4:$D$6000,$C$4,'データ_全エリア'!$B$4:$B$6000,$B17,'データ_全エリア'!$C$4:$C$6000,IF($C$3="ALL","*",$C$3)))) | F17: =IF($B17="","",IF($C$4="",IFERROR(SUMIFS('データ_全エリア'!Y$4:Y$6000,'データ_全エリア'!$B$4:$B$6000,$B17,'データ_全エリア'!$C$4:$C$6000,IF($C$3="ALL","*",$C$3))/SUMIFS('データ_全エリア'!$S$4:$S$6000,'データ_全エリア'!$B$4:$B$6000,$B17,'データ_全エリア'!$C$4:$C$6000,IF($C$3="ALL","*",$C$3)),0),SUMIFS('データ_全エリア'!J$4:J$6000,'データ_全エリア'!$D$4:$D$6000,$C$4,'データ_全エリア'!$B$4:$B$6000,$B17,'データ_全エリア'!$C$4:$C$6000,IF($C$3="ALL","*",$C$3)))) | G17: =IF($B17="","",IF($C$4="",IFERROR(SUMIFS('データ_全エリア'!Z$4:Z$6000,'データ_全エリア'!$B$4:$B$6000,$B17,'データ_全エリア'!$C$4:$C$6000,IF($C$3="ALL","*",$C$3))/SUMIFS('データ_全エリア'!$S$4:$S$6000,'データ_全エリア'!$B$4:$B$6000,$B17,'データ_全エリア'!$C$4:$C$6000,IF($C$3="ALL","*",$C$3)),0),SUMIFS('データ_全エリア'!K$4:K$6000,'データ_全エリア'!$D$4:$D$6000,$C$4,'データ_全エリア'!$B$4:$B$6000,$B17,'データ_全エリア'!$C$4:$C$6000,IF($C$3="ALL","*",$C$3)))) | H17: =IF($B17="","",IF($C$4="",IFERROR(SUMIFS('データ_全エリア'!AA$4:AA$6000,'データ_全エリア'!$B$4:$B$6000,$B17,'データ_全エリア'!$C$4:$C$6000,IF($C$3="ALL","*",$C$3))/SUMIFS('データ_全エリア'!$S$4:$S$6000,'データ_全エリア'!$B$4:$B$6000,$B17,'データ_全エリア'!$C$4:$C$6000,IF($C$3="ALL","*",$C$3)),0),SUMIFS('データ_全エリア'!L$4:L$6000,'データ_全エリア'!$D$4:$D$6000,$C$4,'データ_全エリア'!$B$4:$B$6000,$B17,'データ_全エリア'!$C$4:$C$6000,IF($C$3="ALL","*",$C$3))))
C18: =IF($B18="","",IF($C$4="",IFERROR(SUMIFS('データ_全エリア'!V$4:V$6000,'データ_全エリア'!$B$4:$B$6000,$B18,'データ_全エリア'!$C$4:$C$6000,IF($C$3="ALL","*",$C$3))/SUMIFS('データ_全エリア'!$S$4:$S$6000,'データ_全エリア'!$B$4:$B$6000,$B18,'データ_全エリア'!$C$4:$C$6000,IF($C$3="ALL","*",$C$3)),0),SUMIFS('データ_全エリア'!G$4:G$6000,'データ_全エリア'!$D$4:$D$6000,$C$4,'データ_全エリア'!$B$4:$B$6000,$B18,'データ_全エリア'!$C$4:$C$6000,IF($C$3="ALL","*",$C$3)))) | D18: =IF($B18="","",IF($C$4="",IFERROR(SUMIFS('データ_全エリア'!W$4:W$6000,'データ_全エリア'!$B$4:$B$6000,$B18,'データ_全エリア'!$C$4:$C$6000,IF($C$3="ALL","*",$C$3))/SUMIFS('データ_全エリア'!$S$4:$S$6000,'データ_全エリア'!$B$4:$B$6000,$B18,'データ_全エリア'!$C$4:$C$6000,IF($C$3="ALL","*",$C$3)),0),SUMIFS('データ_全エリア'!H$4:H$6000,'データ_全エリア'!$D$4:$D$6000,$C$4,'データ_全エリア'!$B$4:$B$6000,$B18,'データ_全エリア'!$C$4:$C$6000,IF($C$3="ALL","*",$C$3)))) | E18: =IF($B18="","",IF($C$4="",IFERROR(SUMIFS('データ_全エリア'!X$4:X$6000,'データ_全エリア'!$B$4:$B$6000,$B18,'データ_全エリア'!$C$4:$C$6000,IF($C$3="ALL","*",$C$3))/SUMIFS('データ_全エリア'!$S$4:$S$6000,'データ_全エリア'!$B$4:$B$6000,$B18,'データ_全エリア'!$C$4:$C$6000,IF($C$3="ALL","*",$C$3)),0),SUMIFS('データ_全エリア'!I$4:I$6000,'データ_全エリア'!$D$4:$D$6000,$C$4,'データ_全エリア'!$B$4:$B$6000,$B18,'データ_全エリア'!$C$4:$C$6000,IF($C$3="ALL","*",$C$3)))) | F18: =IF($B18="","",IF($C$4="",IFERROR(SUMIFS('データ_全エリア'!Y$4:Y$6000,'データ_全エリア'!$B$4:$B$6000,$B18,'データ_全エリア'!$C$4:$C$6000,IF($C$3="ALL","*",$C$3))/SUMIFS('データ_全エリア'!$S$4:$S$6000,'データ_全エリア'!$B$4:$B$6000,$B18,'データ_全エリア'!$C$4:$C$6000,IF($C$3="ALL","*",$C$3)),0),SUMIFS('データ_全エリア'!J$4:J$6000,'データ_全エリア'!$D$4:$D$6000,$C$4,'データ_全エリア'!$B$4:$B$6000,$B18,'データ_全エリア'!$C$4:$C$6000,IF($C$3="ALL","*",$C$3)))) | G18: =IF($B18="","",IF($C$4="",IFERROR(SUMIFS('データ_全エリア'!Z$4:Z$6000,'データ_全エリア'!$B$4:$B$6000,$B18,'データ_全エリア'!$C$4:$C$6000,IF($C$3="ALL","*",$C$3))/SUMIFS('データ_全エリア'!$S$4:$S$6000,'データ_全エリア'!$B$4:$B$6000,$B18,'データ_全エリア'!$C$4:$C$6000,IF($C$3="ALL","*",$C$3)),0),SUMIFS('データ_全エリア'!K$4:K$6000,'データ_全エリア'!$D$4:$D$6000,$C$4,'データ_全エリア'!$B$4:$B$6000,$B18,'データ_全エリア'!$C$4:$C$6000,IF($C$3="ALL","*",$C$3)))) | H18: =IF($B18="","",IF($C$4="",IFERROR(SUMIFS('データ_全エリア'!AA$4:AA$6000,'データ_全エリア'!$B$4:$B$6000,$B18,'データ_全エリア'!$C$4:$C$6000,IF($C$3="ALL","*",$C$3))/SUMIFS('データ_全エリア'!$S$4:$S$6000,'データ_全エリア'!$B$4:$B$6000,$B18,'データ_全エリア'!$C$4:$C$6000,IF($C$3="ALL","*",$C$3)),0),SUMIFS('データ_全エリア'!L$4:L$6000,'データ_全エリア'!$D$4:$D$6000,$C$4,'データ_全エリア'!$B$4:$B$6000,$B18,'データ_全エリア'!$C$4:$C$6000,IF($C$3="ALL","*",$C$3))))
C19: =IF($B19="","",IF($C$4="",IFERROR(SUMIFS('データ_全エリア'!V$4:V$6000,'データ_全エリア'!$B$4:$B$6000,$B19,'データ_全エリア'!$C$4:$C$6000,IF($C$3="ALL","*",$C$3))/SUMIFS('データ_全エリア'!$S$4:$S$6000,'データ_全エリア'!$B$4:$B$6000,$B19,'データ_全エリア'!$C$4:$C$6000,IF($C$3="ALL","*",$C$3)),0),SUMIFS('データ_全エリア'!G$4:G$6000,'データ_全エリア'!$D$4:$D$6000,$C$4,'データ_全エリア'!$B$4:$B$6000,$B19,'データ_全エリア'!$C$4:$C$6000,IF($C$3="ALL","*",$C$3)))) | D19: =IF($B19="","",IF($C$4="",IFERROR(SUMIFS('データ_全エリア'!W$4:W$6000,'データ_全エリア'!$B$4:$B$6000,$B19,'データ_全エリア'!$C$4:$C$6000,IF($C$3="ALL","*",$C$3))/SUMIFS('データ_全エリア'!$S$4:$S$6000,'データ_全エリア'!$B$4:$B$6000,$B19,'データ_全エリア'!$C$4:$C$6000,IF($C$3="ALL","*",$C$3)),0),SUMIFS('データ_全エリア'!H$4:H$6000,'データ_全エリア'!$D$4:$D$6000,$C$4,'データ_全エリア'!$B$4:$B$6000,$B19,'データ_全エリア'!$C$4:$C$6000,IF($C$3="ALL","*",$C$3)))) | E19: =IF($B19="","",IF($C$4="",IFERROR(SUMIFS('データ_全エリア'!X$4:X$6000,'データ_全エリア'!$B$4:$B$6000,$B19,'データ_全エリア'!$C$4:$C$6000,IF($C$3="ALL","*",$C$3))/SUMIFS('データ_全エリア'!$S$4:$S$6000,'データ_全エリア'!$B$4:$B$6000,$B19,'データ_全エリア'!$C$4:$C$6000,IF($C$3="ALL","*",$C$3)),0),SUMIFS('データ_全エリア'!I$4:I$6000,'データ_全エリア'!$D$4:$D$6000,$C$4,'データ_全エリア'!$B$4:$B$6000,$B19,'データ_全エリア'!$C$4:$C$6000,IF($C$3="ALL","*",$C$3)))) | F19: =IF($B19="","",IF($C$4="",IFERROR(SUMIFS('データ_全エリア'!Y$4:Y$6000,'データ_全エリア'!$B$4:$B$6000,$B19,'データ_全エリア'!$C$4:$C$6000,IF($C$3="ALL","*",$C$3))/SUMIFS('データ_全エリア'!$S$4:$S$6000,'データ_全エリア'!$B$4:$B$6000,$B19,'データ_全エリア'!$C$4:$C$6000,IF($C$3="ALL","*",$C$3)),0),SUMIFS('データ_全エリア'!J$4:J$6000,'データ_全エリア'!$D$4:$D$6000,$C$4,'データ_全エリア'!$B$4:$B$6000,$B19,'データ_全エリア'!$C$4:$C$6000,IF($C$3="ALL","*",$C$3)))) | G19: =IF($B19="","",IF($C$4="",IFERROR(SUMIFS('データ_全エリア'!Z$4:Z$6000,'データ_全エリア'!$B$4:$B$6000,$B19,'データ_全エリア'!$C$4:$C$6000,IF($C$3="ALL","*",$C$3))/SUMIFS('データ_全エリア'!$S$4:$S$6000,'データ_全エリア'!$B$4:$B$6000,$B19,'データ_全エリア'!$C$4:$C$6000,IF($C$3="ALL","*",$C$3)),0),SUMIFS('データ_全エリア'!K$4:K$6000,'データ_全エリア'!$D$4:$D$6000,$C$4,'データ_全エリア'!$B$4:$B$6000,$B19,'データ_全エリア'!$C$4:$C$6000,IF($C$3="ALL","*",$C$3)))) | H19: =IF($B19="","",IF($C$4="",IFERROR(SUMIFS('データ_全エリア'!AA$4:AA$6000,'データ_全エリア'!$B$4:$B$6000,$B19,'データ_全エリア'!$C$4:$C$6000,IF($C$3="ALL","*",$C$3))/SUMIFS('データ_全エリア'!$S$4:$S$6000,'データ_全エリア'!$B$4:$B$6000,$B19,'データ_全エリア'!$C$4:$C$6000,IF($C$3="ALL","*",$C$3)),0),SUMIFS('データ_全エリア'!L$4:L$6000,'データ_全エリア'!$D$4:$D$6000,$C$4,'データ_全エリア'!$B$4:$B$6000,$B19,'データ_全エリア'!$C$4:$C$6000,IF($C$3="ALL","*",$C$3))))
C20: =IF($B20="","",IF($C$4="",IFERROR(SUMIFS('データ_全エリア'!V$4:V$6000,'データ_全エリア'!$B$4:$B$6000,$B20,'データ_全エリア'!$C$4:$C$6000,IF($C$3="ALL","*",$C$3))/SUMIFS('データ_全エリア'!$S$4:$S$6000,'データ_全エリア'!$B$4:$B$6000,$B20,'データ_全エリア'!$C$4:$C$6000,IF($C$3="ALL","*",$C$3)),0),SUMIFS('データ_全エリア'!G$4:G$6000,'データ_全エリア'!$D$4:$D$6000,$C$4,'データ_全エリア'!$B$4:$B$6000,$B20,'データ_全エリア'!$C$4:$C$6000,IF($C$3="ALL","*",$C$3)))) | D20: =IF($B20="","",IF($C$4="",IFERROR(SUMIFS('データ_全エリア'!W$4:W$6000,'データ_全エリア'!$B$4:$B$6000,$B20,'データ_全エリア'!$C$4:$C$6000,IF($C$3="ALL","*",$C$3))/SUMIFS('データ_全エリア'!$S$4:$S$6000,'データ_全エリア'!$B$4:$B$6000,$B20,'データ_全エリア'!$C$4:$C$6000,IF($C$3="ALL","*",$C$3)),0),SUMIFS('データ_全エリア'!H$4:H$6000,'データ_全エリア'!$D$4:$D$6000,$C$4,'データ_全エリア'!$B$4:$B$6000,$B20,'データ_全エリア'!$C$4:$C$6000,IF($C$3="ALL","*",$C$3)))) | E20: =IF($B20="","",IF($C$4="",IFERROR(SUMIFS('データ_全エリア'!X$4:X$6000,'データ_全エリア'!$B$4:$B$6000,$B20,'データ_全エリア'!$C$4:$C$6000,IF($C$3="ALL","*",$C$3))/SUMIFS('データ_全エリア'!$S$4:$S$6000,'データ_全エリア'!$B$4:$B$6000,$B20,'データ_全エリア'!$C$4:$C$6000,IF($C$3="ALL","*",$C$3)),0),SUMIFS('データ_全エリア'!I$4:I$6000,'データ_全エリア'!$D$4:$D$6000,$C$4,'データ_全エリア'!$B$4:$B$6000,$B20,'データ_全エリア'!$C$4:$C$6000,IF($C$3="ALL","*",$C$3)))) | F20: =IF($B20="","",IF($C$4="",IFERROR(SUMIFS('データ_全エリア'!Y$4:Y$6000,'データ_全エリア'!$B$4:$B$6000,$B20,'データ_全エリア'!$C$4:$C$6000,IF($C$3="ALL","*",$C$3))/SUMIFS('データ_全エリア'!$S$4:$S$6000,'データ_全エリア'!$B$4:$B$6000,$B20,'データ_全エリア'!$C$4:$C$6000,IF($C$3="ALL","*",$C$3)),0),SUMIFS('データ_全エリア'!J$4:J$6000,'データ_全エリア'!$D$4:$D$6000,$C$4,'データ_全エリア'!$B$4:$B$6000,$B20,'データ_全エリア'!$C$4:$C$6000,IF($C$3="ALL","*",$C$3)))) | G20: =IF($B20="","",IF($C$4="",IFERROR(SUMIFS('データ_全エリア'!Z$4:Z$6000,'データ_全エリア'!$B$4:$B$6000,$B20,'データ_全エリア'!$C$4:$C$6000,IF($C$3="ALL","*",$C$3))/SUMIFS('データ_全エリア'!$S$4:$S$6000,'データ_全エリア'!$B$4:$B$6000,$B20,'データ_全エリア'!$C$4:$C$6000,IF($C$3="ALL","*",$C$3)),0),SUMIFS('データ_全エリア'!K$4:K$6000,'データ_全エリア'!$D$4:$D$6000,$C$4,'データ_全エリア'!$B$4:$B$6000,$B20,'データ_全エリア'!$C$4:$C$6000,IF($C$3="ALL","*",$C$3)))) | H20: =IF($B20="","",IF($C$4="",IFERROR(SUMIFS('データ_全エリア'!AA$4:AA$6000,'データ_全エリア'!$B$4:$B$6000,$B20,'データ_全エリア'!$C$4:$C$6000,IF($C$3="ALL","*",$C$3))/SUMIFS('データ_全エリア'!$S$4:$S$6000,'データ_全エリア'!$B$4:$B$6000,$B20,'データ_全エリア'!$C$4:$C$6000,IF($C$3="ALL","*",$C$3)),0),SUMIFS('データ_全エリア'!L$4:L$6000,'データ_全エリア'!$D$4:$D$6000,$C$4,'データ_全エリア'!$B$4:$B$6000,$B20,'データ_全エリア'!$C$4:$C$6000,IF($C$3="ALL","*",$C$3))))
C21: =IF($B21="","",IF($C$4="",IFERROR(SUMIFS('データ_全エリア'!V$4:V$6000,'データ_全エリア'!$B$4:$B$6000,$B21,'データ_全エリア'!$C$4:$C$6000,IF($C$3="ALL","*",$C$3))/SUMIFS('データ_全エリア'!$S$4:$S$6000,'データ_全エリア'!$B$4:$B$6000,$B21,'データ_全エリア'!$C$4:$C$6000,IF($C$3="ALL","*",$C$3)),0),SUMIFS('データ_全エリア'!G$4:G$6000,'データ_全エリア'!$D$4:$D$6000,$C$4,'データ_全エリア'!$B$4:$B$6000,$B21,'データ_全エリア'!$C$4:$C$6000,IF($C$3="ALL","*",$C$3)))) | D21: =IF($B21="","",IF($C$4="",IFERROR(SUMIFS('データ_全エリア'!W$4:W$6000,'データ_全エリア'!$B$4:$B$6000,$B21,'データ_全エリア'!$C$4:$C$6000,IF($C$3="ALL","*",$C$3))/SUMIFS('データ_全エリア'!$S$4:$S$6000,'データ_全エリア'!$B$4:$B$6000,$B21,'データ_全エリア'!$C$4:$C$6000,IF($C$3="ALL","*",$C$3)),0),SUMIFS('データ_全エリア'!H$4:H$6000,'データ_全エリア'!$D$4:$D$6000,$C$4,'データ_全エリア'!$B$4:$B$6000,$B21,'データ_全エリア'!$C$4:$C$6000,IF($C$3="ALL","*",$C$3)))) | E21: =IF($B21="","",IF($C$4="",IFERROR(SUMIFS('データ_全エリア'!X$4:X$6000,'データ_全エリア'!$B$4:$B$6000,$B21,'データ_全エリア'!$C$4:$C$6000,IF($C$3="ALL","*",$C$3))/SUMIFS('データ_全エリア'!$S$4:$S$6000,'データ_全エリア'!$B$4:$B$6000,$B21,'データ_全エリア'!$C$4:$C$6000,IF($C$3="ALL","*",$C$3)),0),SUMIFS('データ_全エリア'!I$4:I$6000,'データ_全エリア'!$D$4:$D$6000,$C$4,'データ_全エリア'!$B$4:$B$6000,$B21,'データ_全エリア'!$C$4:$C$6000,IF($C$3="ALL","*",$C$3)))) | F21: =IF($B21="","",IF($C$4="",IFERROR(SUMIFS('データ_全エリア'!Y$4:Y$6000,'データ_全エリア'!$B$4:$B$6000,$B21,'データ_全エリア'!$C$4:$C$6000,IF($C$3="ALL","*",$C$3))/SUMIFS('データ_全エリア'!$S$4:$S$6000,'データ_全エリア'!$B$4:$B$6000,$B21,'データ_全エリア'!$C$4:$C$6000,IF($C$3="ALL","*",$C$3)),0),SUMIFS('データ_全エリア'!J$4:J$6000,'データ_全エリア'!$D$4:$D$6000,$C$4,'データ_全エリア'!$B$4:$B$6000,$B21,'データ_全エリア'!$C$4:$C$6000,IF($C$3="ALL","*",$C$3)))) | G21: =IF($B21="","",IF($C$4="",IFERROR(SUMIFS('データ_全エリア'!Z$4:Z$6000,'データ_全エリア'!$B$4:$B$6000,$B21,'データ_全エリア'!$C$4:$C$6000,IF($C$3="ALL","*",$C$3))/SUMIFS('データ_全エリア'!$S$4:$S$6000,'データ_全エリア'!$B$4:$B$6000,$B21,'データ_全エリア'!$C$4:$C$6000,IF($C$3="ALL","*",$C$3)),0),SUMIFS('データ_全エリア'!K$4:K$6000,'データ_全エリア'!$D$4:$D$6000,$C$4,'データ_全エリア'!$B$4:$B$6000,$B21,'データ_全エリア'!$C$4:$C$6000,IF($C$3="ALL","*",$C$3)))) | H21: =IF($B21="","",IF($C$4="",IFERROR(SUMIFS('データ_全エリア'!AA$4:AA$6000,'データ_全エリア'!$B$4:$B$6000,$B21,'データ_全エリア'!$C$4:$C$6000,IF($C$3="ALL","*",$C$3))/SUMIFS('データ_全エリア'!$S$4:$S$6000,'データ_全エリア'!$B$4:$B$6000,$B21,'データ_全エリア'!$C$4:$C$6000,IF($C$3="ALL","*",$C$3)),0),SUMIFS('データ_全エリア'!L$4:L$6000,'データ_全エリア'!$D$4:$D$6000,$C$4,'データ_全エリア'!$B$4:$B$6000,$B21,'データ_全エリア'!$C$4:$C$6000,IF($C$3="ALL","*",$C$3))))
B24: 新規/MNPベース
B25: 月 | C25: ドコモ | D25: au | E25: SB | F25: UQ | G25: Yモバ | H25: 楽天
B26: =IFERROR(__xludf.DUMMYFUNCTION("IFERROR(LET(m,SORT(UNIQUE(FILTER('データ_全エリア'!$B$4:$B$6000,'データ_全エリア'!$B$4:$B$6000<>""""))),n,ROWS(m),CHOOSEROWS(m,SEQUENCE(MIN(n,12),1,MAX(1,n-11)))),"""")"),46296.0) -> 46296 | C26: =IF($B26="","",IF($C$4="",IFERROR(SUMIFS('データ_全エリア'!AB$4:AB$6000,'データ_全エリア'!$B$4:$B$6000,$B26,'データ_全エリア'!$C$4:$C$6000,IF($C$3="ALL","*",$C$3))/SUMIFS('データ_全エリア'!$T$4:$T$6000,'データ_全エリア'!$B$4:$B$6000,$B26,'データ_全エリア'!$C$4:$C$6000,IF($C$3="ALL","*",$C$3)),0),SUMIFS('データ_全エリア'!M$4:M$6000,'データ_全エリア'!$D$4:$D$6000,$C$4,'データ_全エリア'!$B$4:$B$6000,$B26,'データ_全エリア'!$C$4:$C$6000,IF($C$3="ALL","*",$C$3)))) -> 0.17846154 | D26: =IF($B26="","",IF($C$4="",IFERROR(SUMIFS('データ_全エリア'!AC$4:AC$6000,'データ_全エリア'!$B$4:$B$6000,$B26,'データ_全エリア'!$C$4:$C$6000,IF($C$3="ALL","*",$C$3))/SUMIFS('データ_全エリア'!$T$4:$T$6000,'データ_全エリア'!$B$4:$B$6000,$B26,'データ_全エリア'!$C$4:$C$6000,IF($C$3="ALL","*",$C$3)),0),SUMIFS('データ_全エリア'!N$4:N$6000,'データ_全エリア'!$D$4:$D$6000,$C$4,'データ_全エリア'!$B$4:$B$6000,$B26,'データ_全エリア'!$C$4:$C$6000,IF($C$3="ALL","*",$C$3)))) -> 0.11384615 | E26: =IF($B26="","",IF($C$4="",IFERROR(SUMIFS('データ_全エリア'!AD$4:AD$6000,'データ_全エリア'!$B$4:$B$6000,$B26,'データ_全エリア'!$C$4:$C$6000,IF($C$3="ALL","*",$C$3))/SUMIFS('データ_全エリア'!$T$4:$T$6000,'データ_全エリア'!$B$4:$B$6000,$B26,'データ_全エリア'!$C$4:$C$6000,IF($C$3="ALL","*",$C$3)),0),SUMIFS('データ_全エリア'!O$4:O$6000,'データ_全エリア'!$D$4:$D$6000,$C$4,'データ_全エリア'!$B$4:$B$6000,$B26,'データ_全エリア'!$C$4:$C$6000,IF($C$3="ALL","*",$C$3)))) -> 0.24923077 | F26: =IF($B26="","",IF($C$4="",IFERROR(SUMIFS('データ_全エリア'!AE$4:AE$6000,'データ_全エリア'!$B$4:$B$6000,$B26,'データ_全エリア'!$C$4:$C$6000,IF($C$3="ALL","*",$C$3))/SUMIFS('データ_全エリア'!$T$4:$T$6000,'データ_全エリア'!$B$4:$B$6000,$B26,'データ_全エリア'!$C$4:$C$6000,IF($C$3="ALL","*",$C$3)),0),SUMIFS('データ_全エリア'!P$4:P$6000,'データ_全エリア'!$D$4:$D$6000,$C$4,'データ_全エリア'!$B$4:$B$6000,$B26,'データ_全エリア'!$C$4:$C$6000,IF($C$3="ALL","*",$C$3)))) -> 0.13230769 | G26: =IF($B26="","",IF($C$4="",IFERROR(SUMIFS('データ_全エリア'!AF$4:AF$6000,'データ_全エリア'!$B$4:$B$6000,$B26,'データ_全エリア'!$C$4:$C$6000,IF($C$3="ALL","*",$C$3))/SUMIFS('データ_全エリア'!$T$4:$T$6000,'データ_全エリア'!$B$4:$B$6000,$B26,'データ_全エリア'!$C$4:$C$6000,IF($C$3="ALL","*",$C$3)),0),SUMIFS('データ_全エリア'!Q$4:Q$6000,'データ_全エリア'!$D$4:$D$6000,$C$4,'データ_全エリア'!$B$4:$B$6000,$B26,'データ_全エリア'!$C$4:$C$6000,IF($C$3="ALL","*",$C$3)))) -> 0.24307692 | H26: =IF($B26="","",IF($C$4="",IFERROR(SUMIFS('データ_全エリア'!AG$4:AG$6000,'データ_全エリア'!$B$4:$B$6000,$B26,'データ_全エリア'!$C$4:$C$6000,IF($C$3="ALL","*",$C$3))/SUMIFS('データ_全エリア'!$T$4:$T$6000,'データ_全エリア'!$B$4:$B$6000,$B26,'データ_全エリア'!$C$4:$C$6000,IF($C$3="ALL","*",$C$3)),0),SUMIFS('データ_全エリア'!R$4:R$6000,'データ_全エリア'!$D$4:$D$6000,$C$4,'データ_全エリア'!$B$4:$B$6000,$B26,'データ_全エリア'!$C$4:$C$6000,IF($C$3="ALL","*",$C$3)))) -> 0.083076923
